Date,Open,High,Low,Close,Volume
10-03-2016,11.20,11.85,11.07,11.75,4
11-03-2016,11.75,11.95,11.75,11.95,179
12-03-2016,11.95,13.45,11.95,12.92,833
13-03-2016,12.92,15.07,12.92,15.07,1295
14-03-2016,15.07,15.07,11.4,12.5,92183
15-03-2016,12.63,13.42,11.98,13.06,39725
16-03-2016,13.06,13.89,12.62,12.88,19240
17-03-2016,12.58,12.61,10.44,10.74,89450
18-03-2016,11.09,11.2,8.34,10.74,157374
19-03-2016,10.97,11.1,9.78,10.31,67547
20-03-2016,10.55,10.88,9.56,10.18,33177
21-03-2016,10.18,12.05,10.14,11.95,38857
22-03-2016,11.53,11.97,11.08,11.37,26285
23-03-2016,11.37,12.43,11.2,12.43,27024
24-03-2016,12.43,12.47,10.67,11.2,50796
25-03-2016,11.32,11.35,10.52,10.67,87423
26-03-2016,10.67,11.2,10.58,11,16125
27-03-2016,10.93,10.98,10.17,10.4,55815
28-03-2016,10.40,11.94,10.4,11.62,77312
29-03-2016,11.78,11.88,11.37,11.79,47572
30-03-2016,11.79,12.3,11.44,11.85,36960
31-03-2016,11.92,12.02,11.29,11.41,32669
01-04-2016,11.41,11.94,11.39,11.62,22197
02-04-2016,11.65,11.77,11.43,11.61,12173
03-04-2016,11.61,11.76,11.4,11.75,18851
04-04-2016,11.60,11.67,10.88,11.15,38742
05-04-2016,11.15,11.15,9.7,10.4,53389
06-04-2016,10.40,10.96,10.2,10.76,40040
07-04-2016,10.76,10.85,9.4,10.12,50740
08-04-2016,10.05,10.34,9.6,9.71,25974
09-04-2016,9.69,10.2,9,9.15,64964
10-04-2016,9.15,9.43,7.52,8.76,171987
11-04-2016,8.56,8.93,8.01,8.68,60277
12-04-2016,8.53,8.54,7.21,7.53,63823
13-04-2016,7.48,8.8,6.86,8.09,142212
14-04-2016,8.08,8.86,8,8.46,36148
15-04-2016,8.39,8.69,8.1,8.32,30478
16-04-2016,8.23,8.68,8.18,8.54,29257
17-04-2016,8.70,10.9,8.61,9.46,96047
18-04-2016,9.30,9.55,8.44,8.97,37877
19-04-2016,8.97,9.38,8.65,8.71,35259
20-04-2016,8.73,9.05,8.35,8.61,167706
21-04-2016,8.61,8.8,8,8.11,45521
22-04-2016,8.23,8.41,7.73,7.97,97367
23-04-2016,7.95,8.8,7.81,8.46,89572
24-04-2016,8.35,8.5,8.01,8.1,52056
25-04-2016,8.05,8.15,7.32,7.54,207064
26-04-2016,7.56,7.6,7.12,7.5,129269
27-04-2016,7.40,7.99,7.31,7.8,90465
28-04-2016,7.73,7.87,7.25,7.33,69398
29-04-2016,7.23,7.72,7.19,7.52,51163
30-04-2016,7.45,9.36,7.45,8.87,267967
01-05-2016,8.74,9,8.35,8.75,71992
02-05-2016,8.83,10.3,8.79,10,295376
03-05-2016,10.01,10.01,9.18,9.34,128321
04-05-2016,9.38,10,9.25,9.46,74704
05-05-2016,9.40,10,9.3,9.79,62437
06-05-2016,9.85,9.98,9.12,9.35,92421
07-05-2016,9.45,9.64,9.2,9.35,31388
08-05-2016,9.41,9.64,9,9.5,80087
09-05-2016,9.51,9.65,9.25,9.32,77287
10-05-2016,9.31,9.47,9.28,9.38,18319
11-05-2016,9.38,9.98,9.3,9.89,110306
12-05-2016,9.92,10.47,9.79,10.04,142191
13-05-2016,10.09,11.11,10.08,10.6,194278
14-05-2016,10.60,10.75,9.71,10.16,121860
15-05-2016,10.25,10.42,9.93,9.97,42732
16-05-2016,10.01,11.47,10,11.09,257208
17-05-2016,11.15,12.6,11.1,12.08,540974
18-05-2016,12.28,14.4,12.21,13.35,420067
19-05-2016,13.40,14.65,13.2,14.58,393145
20-05-2016,14.74,14.89,13.31,13.79,338688
21-05-2016,13.60,14,13.01,14,209034
22-05-2016,14.06,14.51,13.62,14.21,118188
23-05-2016,14.21,14.49,13.32,13.42,170093
24-05-2016,13.38,13.82,12,12.73,437472
25-05-2016,12.84,12.99,11.8,12.49,247583
26-05-2016,12.52,13.07,12.13,12.48,215635
27-05-2016,12.40,12.43,10.53,11.12,645838
28-05-2016,10.99,12.5,10.38,11.98,587073
29-05-2016,11.80,12.89,11.78,12.41,455109
30-05-2016,12.44,12.81,12.3,12.72,122980
31-05-2016,12.78,14.28,12.6,14.01,517983
01-06-2016,14.07,14.3,13.46,13.85,289629
02-06-2016,13.94,14.03,13.61,13.8,155533
03-06-2016,13.82,13.99,13.42,13.84,200806
04-06-2016,13.90,13.9,13.4,13.81,139118
05-06-2016,13.75,13.97,13.69,13.95,54663
06-06-2016,14.00,14.19,13.8,14.03,105546
07-06-2016,13.94,14.7,13.88,14.5,199889
08-06-2016,14.60,14.89,14.3,14.49,257009
09-06-2016,14.51,14.7,14.37,14.45,64978
10-06-2016,14.44,14.46,13.56,13.97,220154
11-06-2016,13.95,14.28,13.81,14.15,109421
12-06-2016,14.30,16.09,14.25,15.8,550466
13-06-2016,15.75,17.91,15.7,17.73,896994
14-06-2016,17.65,19.41,16,18.73,1174079
15-06-2016,18.70,18.75,17.55,18.45,365425
16-06-2016,18.61,21.1,18.44,20.7,1023565
17-06-2016,20.86,21.69,11.51,15.61,4720545
18-06-2016,15.19,15.3,10.13,11.41,3041819
19-06-2016,10.76,13.36,10.55,12.43,1143961
20-06-2016,12.33,12.49,10.51,11.9,1111530
21-06-2016,11.67,12.98,11.2,12.94,644707
22-06-2016,13.75,15.9,12.95,13.25,1829191
23-06-2016,13.26,14,12.5,13.75,521605
24-06-2016,13.76,14.46,13.1,14.29,551436
25-06-2016,14.39,14.84,13.91,14.31,262843
26-06-2016,14.22,14.4,13.53,13.75,213875
27-06-2016,13.71,14.19,13.68,13.96,135034
28-06-2016,13.95,14.07,11.51,12.22,896165
29-06-2016,12.08,13.05,11.57,12.77,427249
30-06-2016,12.64,12.88,12.2,12.5,213185
01-07-2016,12.50,12.58,11.74,12.35,302715
02-07-2016,12.17,12.2,11.95,12.14,86170
03-07-2016,12.06,12.11,11.56,11.78,196777
04-07-2016,11.65,11.85,11.35,11.42,147788
05-07-2016,11.42,11.49,9.35,10.53,1121467
06-07-2016,10.37,11.12,10.22,10.55,327604
07-07-2016,10.58,10.67,9.73,10.14,291456
08-07-2016,10.16,11.65,9.9,11.31,533974
09-07-2016,11.37,11.43,10.4,10.9,431162
10-07-2016,10.83,11.02,10.74,10.95,75849
11-07-2016,10.95,11.09,10.2,10.51,287837
12-07-2016,10.48,10.8,10.4,10.55,143679
13-07-2016,10.55,10.6,10.43,10.47,62846
14-07-2016,10.70,11.79,10.69,11.6,419066
15-07-2016,11.50,12.55,11.37,11.93,600618
16-07-2016,11.95,12.05,11.72,11.72,127925
17-07-2016,11.72,11.74,11.02,11.24,575467
18-07-2016,11.31,11.75,11.01,11.04,252336
19-07-2016,11.09,12.24,11.07,11.75,678517
20-07-2016,11.70,13.04,11.55,12.48,1649729
21-07-2016,12.52,12.75,12.03,12.55,534748
22-07-2016,12.67,15.15,12.53,14.67,1574951
23-07-2016,14.55,14.85,13.9,14.25,638425
24-07-2016,14.33,14.44,12.17,12.65,1649498
25-07-2016,12.86,13.8,12.75,13.8,742809
26-07-2016,13.55,13.86,11.91,12.01,1361910
27-07-2016,12.01,13.28,11.78,13.03,377969
28-07-2016,12.93,13,12.54,12.87,300444
29-07-2016,12.87,12.94,12.6,12.9,183460
30-07-2016,12.85,12.85,12.47,12.52,171500
31-07-2016,12.45,12.55,11.3,11.86,419360
01-08-2016,12.00,12.04,11.08,11.08,318871
02-08-2016,11.04,11.2,9.9,10.16,882662
03-08-2016,10.16,10.16,10.16,10.16,0
04-08-2016,10.16,10.16,10.16,10.16,0
05-08-2016,10.16,10.16,10.16,10.16,0
06-08-2016,10.16,10.16,10.16,10.16,0
07-08-2016,10.16,10.16,10.16,10.16,0
08-08-2016,10.16,10.16,10.16,10.16,0
09-08-2016,10.16,10.16,10.16,10.16,0
10-08-2016,11.99,12.33,11.86,12.07,383912
11-08-2016,11.90,12.1,11.57,11.64,339857
12-08-2016,11.71,11.99,11.57,11.67,254555
13-08-2016,11.69,11.76,11.4,11.48,138264
14-08-2016,11.48,11.67,11,11.16,188633
15-08-2016,11.16,11.28,10.88,11.09,140546
16-08-2016,11.15,11.17,10.83,11.07,65954
17-08-2016,11.07,11.07,10.65,10.72,456390
18-08-2016,10.72,10.97,10.66,10.69,162110
19-08-2016,10.69,10.76,10.61,10.68,139951
20-08-2016,10.69,11.3,10.68,11.26,190530
21-08-2016,11.26,11.3,10.93,11.13,49473
22-08-2016,11.20,11.36,11,11.14,81725
23-08-2016,11.14,11.28,10.9,10.99,64411
24-08-2016,11.03,11.2,10.96,10.98,37426
25-08-2016,10.98,11.39,10.97,11.39,82800
26-08-2016,11.39,11.42,11.13,11.22,30149
27-08-2016,11.26,11.26,11.13,11.2,8957
28-08-2016,11.11,11.16,10.92,10.94,35305
29-08-2016,10.94,11.18,10.78,10.93,63315
30-08-2016,11.03,11.39,10.94,11.29,42084
31-08-2016,11.33,11.63,11.17,11.63,39512
01-09-2016,11.66,12.6,11.61,12.22,82446
02-09-2016,12.22,12.38,11.91,12.13,60239
03-09-2016,12.13,12.43,11.65,12.01,87385
04-09-2016,11.88,11.96,11.6,11.73,51037
05-09-2016,11.73,11.92,11.65,11.85,35553
06-09-2016,11.85,11.92,11.45,11.73,83927
07-09-2016,11.73,11.82,11.6,11.64,24161
08-09-2016,11.64,11.96,11.26,11.45,74774
09-09-2016,11.45,11.9,11.4,11.68,201863
10-09-2016,11.72,12.18,11.58,12.13,89495
11-09-2016,12.13,12.3,11.6,11.68,137760
12-09-2016,11.80,12.05,11.67,12,61670
13-09-2016,12.00,12.55,11.86,12.01,529704
14-09-2016,12.01,12.33,11.91,11.94,137277
15-09-2016,11.94,12.41,11.91,12.01,275079
16-09-2016,12.00,12.82,11.99,12.68,194023
17-09-2016,12.60,12.87,12.51,12.8,37373
18-09-2016,12.73,13.1,12.26,12.32,351075
19-09-2016,12.49,13.1,12.48,12.9,99470
20-09-2016,13.15,15.4,13.08,14.45,311672
21-09-2016,14.30,14.35,13.16,13.74,205503
22-09-2016,13.65,13.7,12.47,13.17,270592
23-09-2016,13.30,13.5,13.1,13.36,25354
24-09-2016,13.39,13.47,12.71,12.86,77543
25-09-2016,12.86,13.2,12.77,13.05,39816
26-09-2016,13.14,13.14,12.81,12.9,59598
27-09-2016,12.90,13.27,12.85,13.08,72695
28-09-2016,13.08,13.49,13.04,13.25,60211
29-09-2016,13.25,13.33,13.07,13.1,53459
30-09-2016,13.10,13.43,13.05,13.3,45486
01-10-2016,13.25,13.31,13.05,13.18,46900
02-10-2016,13.18,13.33,13,13.16,51874
03-10-2016,13.22,13.5,13.17,13.44,25568
04-10-2016,13.44,13.5,13.22,13.33,67872
05-10-2016,13.33,13.39,13.08,13.11,62139
06-10-2016,13.11,13.15,12.62,12.84,63154
07-10-2016,12.84,13,12.56,12.69,75191
08-10-2016,12.73,12.76,12,12.26,131488
09-10-2016,12.26,12.56,11.99,12.01,166940
10-10-2016,12.03,12.09,11.6,11.73,298652
11-10-2016,11.76,12.33,11.76,11.78,123365
12-10-2016,11.84,12.06,11.68,11.72,132185
13-10-2016,11.72,12.12,11.72,12.07,61285
14-10-2016,12.07,12.1,11.9,11.93,23545
15-10-2016,11.96,12.05,11.83,12.01,40422
16-10-2016,12.01,12.06,11.92,11.98,20472
17-10-2016,11.98,12.03,11.81,12,90213
18-10-2016,12.00,12.91,11.98,12.54,238067
19-10-2016,12.54,12.62,11.95,11.99,130470
20-10-2016,11.99,12.32,11.99,12.09,86198
21-10-2016,12.10,12.2,12.09,12.16,17731
22-10-2016,12.16,12.37,12.08,12.29,20752
23-10-2016,12.25,12.26,11.99,12.07,32340
24-10-2016,12.07,12.23,11.98,11.99,48139
25-10-2016,11.99,12,11.12,11.36,112858
26-10-2016,11.36,11.72,11.36,11.5,67666
27-10-2016,11.50,11.66,11.23,11.57,110488
28-10-2016,11.57,11.7,10.85,11.15,191961
29-10-2016,11.15,11.26,9.5,10.38,288194
30-10-2016,10.38,11.53,10.31,11.28,88767
31-10-2016,11.28,11.5,10.88,10.96,134673
01-11-2016,10.96,11.21,10.41,10.81,129668
02-11-2016,10.81,11.25,10.76,10.86,91375
03-11-2016,10.94,11.18,10.81,10.86,106817
04-11-2016,10.86,11.24,10.85,11.21,49907
05-11-2016,11.23,11.24,10.99,11.17,18148
06-11-2016,11.15,11.27,10.91,10.91,10861
07-11-2016,10.91,11.1,10.85,10.88,83633
08-11-2016,10.88,11.21,10.79,10.92,63476
09-11-2016,10.92,10.92,10.2,10.72,80199
10-11-2016,10.66,10.69,10.52,10.54,7606
11-11-2016,10.54,10.58,10.26,10.27,17378
12-11-2016,10.27,10.32,9.7,10.01,64355
13-11-2016,10.01,10.37,9.68,10.08,31679
14-11-2016,10.08,10.19,9.96,10,17175
15-11-2016,10.00,10.41,9.72,10.27,52588
16-11-2016,10.19,10.5,9.93,10.02,116690
17-11-2016,10.02,10.27,9.9,9.99,103191
18-11-2016,9.96,10.03,9.46,9.52,57229
19-11-2016,9.54,9.86,9.48,9.73,62930
20-11-2016,9.68,9.76,9.49,9.57,29012
21-11-2016,9.54,9.68,9.51,9.61,8652
22-11-2016,9.61,10.26,9.54,9.84,102988
23-11-2016,9.89,9.92,9.68,9.69,27916
24-11-2016,9.69,9.85,8.7,9.2,118311
25-11-2016,9.17,9.69,9.17,9.38,60921
26-11-2016,9.38,9.53,9.22,9.33,14112
27-11-2016,9.33,9.33,8.7,8.88,62339
28-11-2016,8.97,9.02,8.65,8.7,41958
29-11-2016,8.70,8.74,7.74,8.16,188398
30-11-2016,8.16,8.76,8.11,8.62,124275
01-12-2016,8.61,8.61,8.36,8.46,95246
02-12-2016,8.43,8.43,7.1,7.7,490144
03-12-2016,7.76,8.1,7.64,7.91,195755
04-12-2016,7.85,7.91,7.42,7.55,34395
05-12-2016,7.40,7.57,6.5,6.7,255997
06-12-2016,6.68,7.88,5.86,7.71,607541
07-12-2016,7.60,8.7,7.27,8.33,161042
08-12-2016,8.35,8.84,8.24,8.3,170044
09-12-2016,8.10,8.65,8.02,8.52,54709
10-12-2016,8.42,8.55,7.94,8.12,35854
11-12-2016,8.14,8.25,8,8.19,22607
12-12-2016,8.19,8.63,8.09,8.45,81627
13-12-2016,8.49,8.49,8.3,8.36,21599
14-12-2016,8.44,8.49,8.2,8.21,14714
15-12-2016,8.16,8.23,7.71,7.83,145037
16-12-2016,7.86,7.96,7.77,7.86,56480
17-12-2016,7.86,7.9,7.47,7.73,147340
18-12-2016,7.88,7.94,7.74,7.93,21497
19-12-2016,7.93,7.93,7.58,7.58,26012
20-12-2016,7.63,7.75,7.55,7.61,55332
21-12-2016,7.68,7.96,7.64,7.89,52441
22-12-2016,7.84,7.84,7.46,7.61,118349
23-12-2016,7.55,7.68,7.11,7.16,139038
24-12-2016,7.11,7.35,7.11,7.25,56770
25-12-2016,7.25,7.32,7.17,7.23,16443
26-12-2016,7.11,7.35,7.05,7.27,78866
27-12-2016,7.27,7.33,7.08,7.12,40803
28-12-2016,7.20,7.76,7.1,7.58,177258
29-12-2016,7.62,8.6,7.62,8.27,291599
30-12-2016,8.27,8.5,8.05,8.16,56742
31-12-2016,8.17,8.35,8,8,200235
01-01-2017,8.17,8.59,8.03,8.2,144921
02-01-2017,8.19,8.5,8.11,8.37,101269
03-01-2017,8.43,9.9,8.3,9.74,603421
04-01-2017,9.57,11.1,9.44,11,556252
05-01-2017,11.16,11.7,9.2,10.15,490641
06-01-2017,10.23,10.4,9.47,10.08,144687
07-01-2017,10.09,10.19,9.48,9.84,107335
08-01-2017,9.80,10.48,9.8,10.28,116554
09-01-2017,10.43,10.84,9.5,10.26,165984
10-01-2017,10.43,10.75,10.2,10.61,96971
11-01-2017,10.61,10.7,9.41,9.79,159089
12-01-2017,9.48,10.04,9.08,9.83,120946
13-01-2017,9.83,9.83,9.39,9.67,39764
14-01-2017,9.72,9.87,9.51,9.67,17441
15-01-2017,9.67,9.83,9.6,9.81,16888
16-01-2017,9.72,9.78,9.55,9.61,16027
17-01-2017,9.54,10.6,9.53,10.12,237839
18-01-2017,10.30,10.49,9.74,10.19,99393
19-01-2017,10.31,10.51,10.15,10.38,50638
20-01-2017,10.38,10.75,10.3,10.62,63550
21-01-2017,10.64,11.09,10.56,10.95,125314
22-01-2017,10.91,10.98,10.34,10.64,140658
23-01-2017,10.64,10.83,10.59,10.77,54390
24-01-2017,10.58,10.75,10.46,10.5,105210
25-01-2017,10.52,10.58,10.35,10.48,26194
26-01-2017,10.49,10.63,10.43,10.63,84718
27-01-2017,10.52,10.58,10.36,10.5,61250
28-01-2017,10.50,10.54,10.35,10.51,102564
29-01-2017,10.49,10.51,10.38,10.46,38283
30-01-2017,10.44,10.69,10.38,10.53,107002
31-01-2017,10.50,10.74,10.38,10.71,250341
01-02-2017,10.71,10.77,10.41,10.71,113789
02-02-2017,10.71,10.84,10.53,10.8,149422
03-02-2017,10.78,10.93,10.55,10.93,102564
04-02-2017,11.00,11.4,11,11.32,158067
05-02-2017,11.32,11.37,11.05,11.18,48073
06-02-2017,11.18,11.33,11.12,11.32,69657
07-02-2017,11.31,11.5,11.25,11.41,116305
08-02-2017,11.45,11.6,11,11.35,78890
09-02-2017,11.35,11.51,10.41,10.9,205678
10-02-2017,10.95,11.39,10.75,11.3,141082
11-02-2017,11.27,11.38,11.13,11.33,73262
12-02-2017,11.33,11.4,11.22,11.26,35224
13-02-2017,11.33,11.37,11.05,11.35,59336
14-02-2017,11.32,13.4,11.32,12.96,613946
15-02-2017,13.02,13.15,12.59,12.92,302771
16-02-2017,12.92,12.99,12.57,12.92,116456
17-02-2017,12.92,12.92,12.6,12.76,86681
18-02-2017,12.76,12.9,12.7,12.79,67302
19-02-2017,12.79,12.94,12.7,12.8,54506
20-02-2017,12.80,12.91,12.4,12.4,91263
21-02-2017,12.40,12.89,12.25,12.82,174097
22-02-2017,12.82,12.85,12.6,12.68,47565
23-02-2017,12.68,13.37,12.6,13.27,168679
24-02-2017,13.27,13.31,12.7,13.11,145362
25-02-2017,13.11,13.8,13.05,13.55,223069
26-02-2017,13.55,14.66,13.3,14.57,284669
27-02-2017,14.57,15.75,14.3,15.5,469291
28-02-2017,15.50,16.23,15.18,15.86,616595
01-03-2017,15.86,17.49,15.62,17.43,343427
02-03-2017,17.43,19.45,16.3,19.02,903088
03-03-2017,19.02,20.73,18.43,19.49,980998
04-03-2017,19.49,20,18.4,18.5,331951
05-03-2017,18.50,19.45,18.15,19.35,226387
06-03-2017,19.35,20.23,19.14,19.51,316911
07-03-2017,19.51,19.67,18.5,18.88,228659
08-03-2017,18.88,18.88,16.51,16.51,562055
09-03-2017,16.51,18,16.25,17.75,281600
10-03-2017,17.75,19.7,16.5,19.18,824863
11-03-2017,19.18,21.45,18.83,21.3,661766
12-03-2017,21.30,23.23,21.05,23.2,786853
13-03-2017,23.20,30.6,23.2,28.4,1781255
14-03-2017,28.40,29.93,27,28.66,701894
15-03-2017,28.66,34.8,28.36,34.8,1355046
16-03-2017,34.80,46.21,34.8,45.07,3063078
17-03-2017,45.07,51.88,32.84,44.65,3393285
18-03-2017,44.65,44.99,31.1,34.2,2118256
19-03-2017,34.20,45.69,34.1,43.17,1689643
20-03-2017,43.17,45.13,39.47,42.06,874997
21-03-2017,42.06,43.7,41.15,42.45,462956
22-03-2017,42.45,42.95,38.51,41.46,488530
23-03-2017,41.46,44.75,40.22,43.14,523646
24-03-2017,43.14,58.99,42.5,54.01,1636345
25-03-2017,54.01,54.9,47.46,50.75,1145564
26-03-2017,50.75,51.8,46.55,50.46,461986
27-03-2017,50.46,52.01,47.67,48.93,389865
28-03-2017,48.93,50.6,47.95,50.16,453922
29-03-2017,50.16,54.3,49.4,52.88,685318
30-03-2017,52.88,53.28,50.75,51.62,373975
31-03-2017,51.62,51.83,46.82,49.72,784704
01-04-2017,49.72,51.87,48.7,50.59,386432
02-04-2017,50.59,51.59,47.7,48.6,784602
03-04-2017,48.60,48.6,42.77,44.28,1170449
04-04-2017,44.28,45.69,41.05,44.41,762878
05-04-2017,44.41,47.53,44.19,45.35,564400
06-04-2017,45.35,46.03,41.25,43.11,649408
07-04-2017,43.11,44.53,41.78,42.25,277522
08-04-2017,42.25,45.76,42.25,44.51,363839
09-04-2017,44.51,44.86,43.18,43.94,177310
10-04-2017,43.94,44.76,43.01,44.17,218124
11-04-2017,44.17,44.8,43.8,44.21,113369
12-04-2017,44.21,48.47,43.84,46.85,537208
13-04-2017,46.85,51.51,46.85,50.65,520856
14-04-2017,50.65,50.65,47.34,48.5,394471
15-04-2017,48.50,50.48,47.95,49.71,332290
16-04-2017,49.71,49.9,48.87,49.58,64036
17-04-2017,49.58,50.27,48.88,49.52,170643
18-04-2017,49.52,53,49.07,52.42,643622
19-04-2017,52.42,53,45,49.66,460600
20-04-2017,49.66,52.45,48.6,51.96,347613
21-04-2017,51.96,52.27,51.1,51.37,156429
22-04-2017,51.37,52.78,51.03,52.15,125325
23-04-2017,52.15,54.44,51.75,53.33,186858
24-04-2017,53.33,54.48,53,53.54,202958
25-04-2017,53.54,54.21,53.25,53.9,97437
26-04-2017,53.90,58.38,53.66,57.31,530345
27-04-2017,57.31,68,56.92,68,526523
28-04-2017,68.00,77.4,66,76,959406
29-04-2017,76.00,77.6,71.2,73.55,474765
30-04-2017,73.55,84,72.6,83.51,492643
01-05-2017,83.51,88.1,66,81.4,1263108
02-05-2017,81.40,85.18,79.49,82.01,361704
03-05-2017,82.01,86.62,81,85.79,357116
04-05-2017,85.79,99.78,84.61,99.2,822126
05-05-2017,99.20,101.7,88.2,91.5,718172
06-05-2017,91.50,96.84,90.53,96.65,243523
07-05-2017,96.65,98,90.89,94.21,219191
08-05-2017,94.21,95.48,88.11,88.97,349335
09-05-2017,88.97,91.1,77.76,88.94,703647
10-05-2017,88.94,92.46,86.6,88.33,195507
11-05-2017,88.33,91.5,87.35,89.38,210473
12-05-2017,89.38,92,83.85,86.99,283227
13-05-2017,86.99,89.99,84.5,89.9,106012
14-05-2017,89.90,91.92,88.11,90.37,173208
15-05-2017,90.37,95.17,90.37,92.56,403456
16-05-2017,92.56,93.48,85.43,88.17,193414
17-05-2017,88.17,90.93,83.77,89.67,174836
18-05-2017,89.67,98.89,89.42,98.6,437252
19-05-2017,98.60,129.25,98.31,124.4,900722
20-05-2017,124.40,128.95,119.54,123.03,429968
21-05-2017,123.03,146.4,122.32,146.14,769979
22-05-2017,146.14,190,136.8,154.92,1653988
23-05-2017,154.92,174.3,148.6,168.24,507157
24-05-2017,168.24,197.41,166.33,183.88,645092
25-05-2017,183.88,206.06,155,168.71,862957
26-05-2017,168.71,187,143.64,152.8,649590
27-05-2017,152.80,161,110.42,149.99,1262783
28-05-2017,149.99,172.79,149.66,161.91,643594
29-05-2017,161.91,191.3,155.01,189.99,472378
30-05-2017,189.99,229.98,182,224.69,757873
31-05-2017,224.69,230.55,200.9,218.34,584483
01-06-2017,218.34,227.32,196,211.4,453562
02-06-2017,211.40,219.21,208.23,214.77,152453
03-06-2017,214.77,217.99,210.01,217.01,96065
04-06-2017,217.01,245.98,216.1,241.06,375988
05-06-2017,241.06,244.29,231.72,242.16,202570
06-06-2017,242.16,264.99,238.23,261.89,412066
07-06-2017,261.89,263.7,241.01,250.7,253505
08-06-2017,250.70,258.93,242.04,256.95,147193
09-06-2017,256.95,279.9,256.95,278.41,271541
10-06-2017,278.41,341.94,278.26,325.88,564750
11-06-2017,325.88,347,310,336.33,503717
12-06-2017,336.33,412.21,297,386.9,1173316
13-06-2017,386.90,395,345.61,382.7,442309
14-06-2017,382.70,385.73,315,335.95,593558
15-06-2017,335.95,344,265,338.7,1146495
16-06-2017,338.70,355.51,305.22,348.44,347869
17-06-2017,348.44,366.08,332,364.56,219765
18-06-2017,364.56,377.46,336.89,348.88,283220
19-06-2017,348.88,362.5,344.13,355.5,174451
20-06-2017,355.50,366.52,328,344.15,342671
21-06-2017,344.15,348.5,287.11,321.66,642800
22-06-2017,321.66,328.99,305,320.94,351820
23-06-2017,320.94,329.9,316.36,324.37,105602
24-06-2017,324.37,327.55,291.53,296.89,195472
25-06-2017,296.89,306.39,253.2,277,508547
26-06-2017,277.00,286.85,214.99,251.3,1360293
27-06-2017,251.30,279,204.11,279,1092308
28-06-2017,279.00,318.27,255,311.62,910350
29-06-2017,311.62,318.27,276,285.3,620085
30-06-2017,285.30,301.9,267.35,275.62,386782
01-07-2017,275.62,277.63,238,255,716324
02-07-2017,255.00,285.91,242.81,277.64,488516
03-07-2017,277.64,283.98,266.45,273.99,336350
04-07-2017,273.99,283,260,266.68,424998
05-07-2017,266.68,272.12,249.53,264.77,436762
06-07-2017,264.77,273,258.37,265.35,240422
07-07-2017,265.35,265.8,233.84,238.38,496510
08-07-2017,238.38,246.66,226.68,245.23,365162
09-07-2017,245.23,249,234.15,234.97,201471
10-07-2017,234.97,238.01,187.5,202,1006369
11-07-2017,202.00,215,169,188.63,1561413
12-07-2017,188.63,225,177.78,223.92,1088798
13-07-2017,223.92,224.99,189.46,205,842979
14-07-2017,205.00,207.76,179.58,196.49,971730
15-07-2017,196.49,197.8,169.82,170.15,694519
16-07-2017,170.15,172.7,136.12,157.4,2108698
17-07-2017,157.40,190.61,155,190.16,1449063
18-07-2017,190.16,258,177.5,226.56,2516241
19-07-2017,226.56,245.61,187,194.63,2325428
20-07-2017,194.63,238,194.63,227.29,2112065
21-07-2017,227.29,239,208,216.11,853867
22-07-2017,216.11,237.19,214.35,232.01,556210
23-07-2017,232.01,236.57,219,228.15,410729
24-07-2017,228.15,232.56,223.64,226.59,355758
25-07-2017,226.59,227.69,190.49,202.7,1083208
26-07-2017,202.70,209.59,191.76,203.33,685640
27-07-2017,203.33,207,197.86,202.54,410963
28-07-2017,202.54,204.19,188.1,191.2,493899
29-07-2017,191.20,213,176.95,206.76,866054
30-07-2017,206.76,210.76,192.21,195.31,522571
31-07-2017,195.31,201.5,188.12,200.81,444147
01-08-2017,200.81,232.59,200.8,225.97,1233082
02-08-2017,225.97,229.7,215,218,558145
03-08-2017,218.00,228.2,217.07,224.79,336648
04-08-2017,224.79,228.3,218.66,220.73,292117
05-08-2017,220.73,259.9,219.23,253.87,822052
06-08-2017,253.87,271.5,251,264.29,734524
07-08-2017,264.29,274.6,257.32,269.51,511602
08-08-2017,269.51,299.5,265,295.83,726474
09-08-2017,295.83,316,277,293.99,1400700
10-08-2017,293.99,310.05,287.6,295.97,543928
11-08-2017,295.97,310.42,294,308.81,455518
12-08-2017,308.81,319.78,299,307.22,561915
13-08-2017,307.22,308,285.21,296.64,582974
14-08-2017,296.64,306.48,293.99,298.22,371280
15-08-2017,298.22,299.91,272.29,286,629185
16-08-2017,286.00,304,279.94,301.34,526519
17-08-2017,301.34,312,297.01,299,465801
18-08-2017,299.00,307,286,292,578060
19-08-2017,292.00,298.51,280,292.78,554281
20-08-2017,292.78,299,286.96,298.37,304353
21-08-2017,298.37,346.99,294.53,322.24,1154353
22-08-2017,322.24,329.96,285.01,312.54,857276
23-08-2017,312.54,325,311.65,316.5,402805
24-08-2017,316.50,329.56,314.14,325.62,326981
25-08-2017,325.62,338.25,324.04,328.7,378007
26-08-2017,328.70,334.6,324.5,332.72,315616
27-08-2017,332.72,348.01,331.88,348.01,362054
28-08-2017,348.01,352,332.74,347.09,389239
29-08-2017,347.09,375.98,346.42,372,631680
30-08-2017,372.00,390.1,365.1,382.78,660233
31-08-2017,382.78,390,380.1,387.3,345069
01-09-2017,387.30,395.03,383.6,390.35,461314
02-09-2017,390.35,390.77,325.1,345,1079246
03-09-2017,345.00,368.4,328.33,350.63,742592
04-09-2017,350.63,351.59,275,295.81,1994055
05-09-2017,295.81,323.17,267.64,316.18,1335863
06-09-2017,316.18,339.5,314.81,337.36,805382
07-09-2017,337.36,338.66,321.1,334.1,582978
08-09-2017,334.10,334.58,291,304,1083677
09-09-2017,304.00,307.08,291.46,303.08,594276
10-09-2017,303.08,305,276.11,297.9,891436
11-09-2017,297.90,308,287.33,297.19,609028
12-09-2017,297.19,316.73,283,293.9,915327
13-09-2017,293.90,294.16,256,275.48,1572708
14-09-2017,275.48,281.01,221.71,222.5,2250427
15-09-2017,222.50,269,198,258.68,3340967
16-09-2017,258.68,270,242.2,253,1079673
17-09-2017,253.00,263.69,239,257,685703
18-09-2017,257.00,299.89,257,296.81,1325359
19-09-2017,296.81,299,275,282.63,941080
20-09-2017,282.63,294,277,283.5,512323
21-09-2017,283.50,287.53,251.52,256.67,1025437
22-09-2017,256.67,269.5,253.03,262.19,643202
23-09-2017,262.19,287.2,259.01,285.9,570420
24-09-2017,285.90,294.54,275.41,282,687967
25-09-2017,282.00,297.93,281.8,295.2,652313
26-09-2017,295.20,296.38,285.2,289.28,366531
27-09-2017,289.28,315.51,286.93,309.75,748363
28-09-2017,309.75,310.69,297.75,302.63,491019
29-09-2017,302.63,303.9,280.5,292.66,966413
30-09-2017,292.66,307.76,292.3,303.44,459211
01-10-2017,303.44,305.57,295,304.26,385333
02-10-2017,304.26,304.63,292.1,296.82,468962
03-10-2017,296.82,300.5,285.93,291.69,452018
04-10-2017,291.69,296,287.56,291.4,394447
05-10-2017,291.40,297.92,285.12,295.12,317811
06-10-2017,295.12,309.59,293.04,308.43,373258
07-10-2017,308.43,315,304.5,311.46,409619
08-10-2017,311.46,314.39,307.55,309.82,363237
09-10-2017,309.82,311.16,287.03,297.4,630798
10-10-2017,297.40,307,292.57,299.32,366237
11-10-2017,299.32,306.55,296.6,303.2,407082
12-10-2017,303.20,310.01,302.1,303.06,649863
13-10-2017,303.06,350,298,337.46,1341067
14-10-2017,337.46,348,334.05,339.24,528577
15-10-2017,339.24,344.89,315,337.23,875273
16-10-2017,337.23,355,330.85,334.46,945249
17-10-2017,334.46,334.8,308,315.65,671493
18-10-2017,315.65,316.21,287.46,313.45,885210
19-10-2017,313.45,316.5,304,306.97,413133
20-10-2017,306.97,313.01,301.04,302.61,415807
21-10-2017,302.61,303,289.31,299.23,368613
22-10-2017,299.23,305.62,289.4,293.55,334086
23-10-2017,293.55,293.96,273.5,284.85,597468
24-10-2017,284.85,311.85,280.02,296.3,758331
25-10-2017,296.30,300,288.5,295.46,329329
26-10-2017,295.46,299,290.55,295.1,207767
27-10-2017,295.10,299.5,291.6,295.99,239628
28-10-2017,295.99,297.01,288.6,293.49,245781
29-10-2017,293.49,312.49,290.5,304.39,583184
30-10-2017,304.39,314.4,303.93,307,301721
31-10-2017,307.00,312,303.1,303.69,285814
01-11-2017,303.69,305.11,287.04,288.6,538444
02-11-2017,288.60,293.01,275.21,284.89,910756
03-11-2017,284.89,307.36,284,303.47,760960
04-11-2017,303.47,304.38,293,299.48,463876
05-11-2017,299.48,301,292.28,295.63,345205
06-11-2017,295.63,310,292,296.9,557781
07-11-2017,296.90,304.2,285.01,291.42,757799
08-11-2017,291.42,318.9,290.11,307.5,1174908
09-11-2017,307.50,328.8,305,319.52,881181
10-11-2017,319.52,324.03,286,296.18,1160058
11-11-2017,296.18,319.88,294.7,313.07,604702
12-11-2017,313.07,316.99,293.33,303.9,879407
13-11-2017,303.90,318,302.4,313.22,696371
14-11-2017,313.22,336.69,313.22,334.28,854088
15-11-2017,334.28,339.61,321.5,330.59,584665
16-11-2017,330.59,335.11,321.18,330.76,521941
17-11-2017,331.16,335.01,325,331,530705
18-11-2017,331.00,350.4,325.32,346.68,518809
19-11-2017,346.68,371,343.28,354.7,618020
20-11-2017,354.70,373.7,352.03,367.94,519568
21-11-2017,367.94,373.5,350,360,696990
22-11-2017,360.00,381.89,358.8,380.48,486168
23-11-2017,380.48,426.27,374.34,405.19,925005
24-11-2017,405.19,478.5,397.37,470.51,903700
25-11-2017,469.89,481.99,454.4,464,589722
26-11-2017,464.00,464,464,464,0
27-11-2017,464.00,491.89,458.25,473.44,671195
28-11-2017,473.44,479,457.2,465.56,538335
29-11-2017,465.56,517,403.01,420.34,801262
30-11-2017,420.34,454.95,385.4,432.21,785985
01-12-2017,432.21,467,413.96,460.67,594097
02-12-2017,460.67,472,447,455.51,473673
03-12-2017,455.51,482.69,431.04,459.49,482906
04-12-2017,459.49,471.06,439.27,465,431183
05-12-2017,465.00,467.38,444.17,451.87,656345
06-12-2017,451.87,454.23,403,413.71,1285158
07-12-2017,413.71,429,390,415.02,1127007
08-12-2017,415.02,453.61,400.34,442.19,1116437
09-12-2017,442.19,487.8,441,460.92,1128736
10-12-2017,460.92,460.92,413.3,429.24,875795
11-12-2017,429.24,531.2,429.14,515.25,784739
12-12-2017,515.25,646.92,497.75,634.87,1488221
13-12-2017,634.87,742,573,690.69,2401490
14-12-2017,690.69,760,651,686.51,1730439
15-12-2017,686.51,698.31,610,678.29,1260182
16-12-2017,678.29,711.96,672.51,683.25,703287
17-12-2017,683.25,725,683.24,708.78,737156
18-12-2017,708.78,798.9,660,783.99,1471001
19-12-2017,783.99,863,750.01,799.98,1814026
20-12-2017,799.98,826.2,709,794.99,1481190
21-12-2017,794.99,848.08,747.1,786.97,1196829
22-12-2017,786.97,792,492.01,628.19,2730522
23-12-2017,628.19,717,616.19,672.59,842429
24-12-2017,672.59,675,560,659.89,1094181
25-12-2017,659.89,737,651.76,709.81,764733
26-12-2017,709.81,749.8,708.83,749.8,521738
27-12-2017,749.80,766.06,703.27,736.45,587328
28-12-2017,736.45,740.3,652,711.42,893816
29-12-2017,711.42,755,703.02,731.52,716870
30-12-2017,731.52,737.56,640.43,682.22,936943
31-12-2017,682.22,741.99,675.56,736.77,536837
01-01-2018,736.77,762,717.94,752.46,425460
02-01-2018,752.46,890,752.46,858.78,1473350
03-01-2018,858.78,954.73,840,942.01,1086894
04-01-2018,942.01,997,893.24,940,1220160
05-01-2018,939.30,1023.6,930,962.77,1043823
06-01-2018,962.77,1014.2,951.38,1004.3,447262
07-01-2018,1004.30,1116,999.5,1115.8,699395
08-01-2018,1115.90,1225,968.12,1129.3,1538009
09-01-2018,1129.40,1299,1119.1,1283.7,1039147
10-01-2018,1285.70,1381.9,1203.2,1248,1331498
11-01-2018,1245.90,1331.8,1102.5,1135.5,1261981
12-01-2018,1135.10,1285,1083.4,1257.2,732326
13-01-2018,1257.00,1423.2,1252.6,1380,709741
14-01-2018,1379.90,1385,1256,1350,618611
15-01-2018,1349.90,1377.9,1264.4,1273.4,481873
16-01-2018,1275.80,1278.8,868.98,1020.1,2352070
17-01-2018,1019.60,1088.3,770.1,1017.5,2403016
18-01-2018,1020.10,1079,940,994.81,1309235
19-01-2018,993.92,1079,960.1,1032.6,612185
20-01-2018,1032.60,1160,1029.6,1146,573524
21-01-2018,1146.30,1146.3,1001.5,1047,691691
22-01-2018,1047.00,1084.1,912.76,995.08,835877
23-01-2018,995.26,1022,905.38,982.98,798280
24-01-2018,982.11,1068.8,952.04,1063.2,606137
25-01-2018,1061.80,1102.4,1025.1,1048.2,567298
26-01-2018,1048.20,1078.6,983,1047,485471
27-01-2018,1046.90,1125.3,1031.6,1114.8,370171
28-01-2018,1114.70,1264.8,1109,1246.6,662743
29-01-2018,1245.50,1259.8,1155.9,1175,488443
30-01-2018,1174.36,1178.92,1042.9,1071.9,1422239
31-01-2018,1072.17,1126.87,1028.03,1118.08,990738
01-02-2018,1118.15,1157.09,970.42,1033.55,1759331
02-02-2018,1033.02,1036.17,766.82,920.85,3032182
03-02-2018,920.93,997.51,850.38,971.49,1065326
04-02-2018,971.49,972.66,788.79,829.43,1335777
05-02-2018,828.49,859.72,634.64,696.86,2994087
06-02-2018,696.75,797.94,568.78,783.83,4286624
07-02-2018,782.72,852.98,719.34,753.18,1983465
08-02-2018,752.75,831.02,751.76,805.4,1251202
09-02-2018,805.15,879.51,781.97,877.85,923813
10-02-2018,877.88,908.26,816.72,851.39,1052195
11-02-2018,851.44,854.1,778.9,810.45,988453
12-02-2018,811.01,875.52,810.99,865.62,837418
13-02-2018,865.72,868.92,822.98,841.38,733525
14-02-2018,841.38,922.38,840.82,919.67,993859
15-02-2018,919.53,945.99,902.56,927.56,952234
16-02-2018,927.34,945.68,907.33,937.5,662755
17-02-2018,937.35,972.86,934.49,971.54,648322
18-02-2018,971.57,980.27,903.28,913.1,869063
19-02-2018,913.09,954.94,910.29,940.08,552220
20-02-2018,940.04,959.41,877.65,884.51,788966
21-02-2018,884.94,906.43,818.48,839.1,1008938
22-02-2018,838.97,878.14,789.92,803.66,849816
23-02-2018,803.56,882.61,787.95,856.65,868363
24-02-2018,854.99,874.49,810.91,834.36,669622
25-02-2018,834.10,849.36,818.46,840.88,507819
26-02-2018,841.28,879.18,835.34,866.99,619749
27-02-2018,867.06,894.78,861.4,871.44,569299
28-02-2018,871.58,888.06,850.84,852.49,550740
01-03-2018,852.44,879.53,848.41,870.04,514499
02-03-2018,870.51,875.69,850.47,856.09,463749
03-03-2018,855.46,868.51,853.45,855.91,407536
04-03-2018,855.91,867.35,838.06,865.53,444489
05-03-2018,865.53,870.27,850.24,850.24,466383
06-03-2018,850.00,851.72,803.9,814.88,578556
07-03-2018,814.56,824.83,724.98,749.98,945375
08-03-2018,750.09,772.23,689.41,698.96,850152
09-03-2018,698.91,728.83,644.46,725.89,1125506
10-03-2018,725.70,746.13,678.46,682.52,673801
11-03-2018,682.77,733.33,664.53,720.12,690936
12-03-2018,720.12,739.25,678.27,697.04,664591
13-03-2018,697.06,713.8,680.01,689.57,558732
14-03-2018,689.67,702.53,587.1,612.09,990478
15-03-2018,612.08,620.01,572.69,610.13,991886
16-03-2018,610.36,625.34,585.84,600.79,695582
17-03-2018,600.48,609.48,544.51,550.27,777538
18-03-2018,549.96,559.19,454.9,536.72,2556919
19-03-2018,536.72,558.33,516.31,556.16,1458896
20-03-2018,555.75,566.63,517.02,557.08,1156173
21-03-2018,557.09,589.83,545.87,560.24,1009206
22-03-2018,559.90,577.63,517.81,539.87,887947
23-03-2018,539.90,543.51,508.36,543.42,871890
24-03-2018,543.15,545.15,520.05,520.45,554620
25-03-2018,520.44,535.11,513.05,523.5,495851
26-03-2018,523.46,526.22,467.46,485.98,1152762
27-03-2018,485.97,491.77,446.7,448.48,1310053
28-03-2018,448.73,465.09,440.84,446.84,918122
29-03-2018,446.86,449.33,380.85,384.12,2010324
30-03-2018,384.13,411.17,366.12,393.79,1955892
31-03-2018,393.75,419.07,390.09,393.96,1210669
01-04-2018,394.10,399.46,359.49,378.75,1237172
02-04-2018,378.85,393.94,375.67,385.07,824810
03-04-2018,385.02,418.78,380.89,415.55,1060683
04-04-2018,415.58,416.38,371.35,378.68,1123929
05-04-2018,378.62,386.91,367.21,381.52,903274
06-04-2018,381.69,385.7,363.83,369.97,700801
07-04-2018,369.97,394.66,369.41,384.87,600400
08-04-2018,384.85,403.71,384.85,400.71,569262
09-04-2018,400.67,430.85,388.05,399.05,1300032
10-04-2018,399.04,417.84,391.81,415.45,709221
11-04-2018,415.43,433.25,412.35,430.14,827170
12-04-2018,430.13,498.13,414.07,494.03,1864756
13-04-2018,494.25,528.71,482.19,493.48,1670974
14-04-2018,494.36,514.14,486.89,502.52,924641
15-04-2018,502.52,534.18,502.52,533.9,988290
16-04-2018,533.89,537.32,498.87,511.82,1030957
17-04-2018,511.75,520.86,501.73,503.19,826708
18-04-2018,503.24,526.41,502.02,525.66,759148
19-04-2018,525.74,570.15,522.15,567.49,1039792
20-04-2018,567.70,620.58,558.27,617.04,1417294
21-04-2018,617.10,623.86,574.73,605.59,1234794
22-04-2018,605.58,643.58,591.78,622.23,1021434
23-04-2018,622.01,648.58,619.81,644.13,859640
24-04-2018,644.08,711.74,644.05,703.02,1479164
25-04-2018,702.94,703.25,594.98,617.36,2724064
26-04-2018,617.37,665.2,600.69,662.36,1374751
27-04-2018,661.65,685.54,641.84,643.97,1061022
28-04-2018,643.96,693.79,640.92,683.49,871553
29-04-2018,683.49,700.05,669.15,689.9,856123
30-04-2018,689.83,693.85,664.03,670.07,913860
01-05-2018,670.12,674.36,630.33,671.26,1034860
02-05-2018,671.31,690.97,664.29,688.15,873979
03-05-2018,688.23,788.61,686.79,778.95,1554725
04-05-2018,778.97,806.9,760.1,785.2,1237305
05-05-2018,785.29,830.03,782.18,818.33,1002832
06-05-2018,818.75,838.26,755.09,793.19,1159291
07-05-2018,793.29,797.3,700.4,754.03,2120877
08-05-2018,759.35,761.43,721.49,748.48,1144407
09-05-2018,747.98,759.71,711.49,751.62,1073156
10-05-2018,751.98,768.24,723.39,724.4,983144
11-05-2018,724.36,736.58,665.81,676.21,1625025
12-05-2018,676.97,689.83,635.23,683.94,1342243
13-05-2018,684.77,739.67,669.2,729.37,1005658
14-05-2018,729.41,741.52,687.16,727.06,1389572
15-05-2018,727.06,738.71,696.63,705.73,1032010
16-05-2018,705.73,710.49,667.51,706.53,978180
17-05-2018,706.53,718.5,663.91,668.97,953693
18-05-2018,668.98,694.24,658.25,693.28,906927
19-05-2018,693.28,716.51,683.38,696.76,732312
20-05-2018,696.73,722.92,688.7,716.02,702631
21-05-2018,716.02,718.06,694.07,696.85,590693
22-05-2018,696.84,698.48,639.2,642.17,928091
23-05-2018,642.02,649.85,564.74,577.55,1775566
24-05-2018,577.52,609.39,547.39,602.43,1558002
25-05-2018,602.40,616.48,569.77,585.39,1076816
26-05-2018,585.39,606.26,579.36,586.76,651248
27-05-2018,586.63,591.48,558.44,570.69,892937
28-05-2018,570.67,575,507.72,512.29,1497530
29-05-2018,512.32,572.71,511.94,566.81,1381420
30-05-2018,566.86,584.9,543.16,557.98,1055699
31-05-2018,557.96,586.15,554.96,577.87,922244
01-06-2018,577.87,589.55,565.69,579.3,861908
02-06-2018,579.34,598.78,574.8,591.3,808421
03-06-2018,591.33,627.51,590.81,619.08,764926
04-06-2018,619.09,624.81,580.71,591.44,809799
05-06-2018,591.44,613,577.53,608.83,829992
06-06-2018,608.83,611.63,593.98,606.39,700744
07-06-2018,606.39,616.52,600.29,604.71,843323
08-06-2018,604.71,608.32,593.74,599.67,622536
09-06-2018,599.67,608.65,592.54,593.8,534162
10-06-2018,593.80,593.82,503.43,524.64,1492398
11-06-2018,524.64,535.63,510.29,531.42,1207427
12-06-2018,531.40,538.16,484.99,494.48,1241665
13-06-2018,494.60,501.64,450.67,476.17,1560902
14-06-2018,476.17,525.21,461.62,519.49,1697259
15-06-2018,519.49,520.73,483.99,487.88,1245988
16-06-2018,487.88,502.47,484.89,496.93,749087
17-06-2018,496.95,507.19,494.73,496.43,604785
18-06-2018,496.47,523.95,489.16,517.91,842049
19-06-2018,517.91,547.5,514.88,538.22,985960
20-06-2018,538.22,541.08,517.42,536.31,873139
21-06-2018,536.31,544.71,522.47,526.01,774029
22-06-2018,525.97,526.26,450.72,462.57,1743296
23-06-2018,462.58,482.42,456.46,474.14,1221315
24-06-2018,474.14,475.74,419.56,454.81,2635797
25-06-2018,454.81,472.54,437.08,458.76,4411355
26-06-2018,458.76,459.96,429.87,430.33,5305186
27-06-2018,430.32,445.38,423.01,442.16,2021429
28-06-2018,442.16,443.32,418.62,421.27,1664622
29-06-2018,421.23,441.29,406.12,435.37,1783001
30-06-2018,434.92,457.49,433.46,452.67,1820005
01-07-2018,452.72,456.02,445.06,452.57,1669493
02-07-2018,452.57,479.94,442.29,475.7,1905835
03-07-2018,475.73,483.93,460.63,461.89,1720321
04-07-2018,461.90,480.69,453.94,467.52,1282114
05-07-2018,467.58,478.59,459.68,468.47,1740043
06-07-2018,468.47,474.58,455.05,469.9,1745192
07-07-2018,469.91,486.18,464.29,485.4,1624913
08-07-2018,485.40,494.03,482.24,486.45,2162101
09-07-2018,486.41,488.1,469.93,471.52,1203918
10-07-2018,471.77,473.36,429.39,432.67,1616790
11-07-2018,432.67,447.62,425.6,445.99,1053365
12-07-2018,445.96,446.27,418.71,430.84,1551981
13-07-2018,430.86,442.02,425.77,432.85,1236944
14-07-2018,432.88,439.94,429.89,434.09,932649
15-07-2018,434.09,455.68,432.59,450.81,916020
16-07-2018,450.87,480.84,446.14,479.79,1424010
17-07-2018,479.68,511.54,467.33,499.87,1695999
18-07-2018,499.86,515.2,470.91,480,1523615
19-07-2018,480.00,484,463.94,469.47,1206389
20-07-2018,469.48,469.74,441.74,449.38,1516936
21-07-2018,449.44,468.95,443.04,461.52,972657
22-07-2018,461.51,472.88,456.35,459.02,918810
23-07-2018,459.02,470.37,448.14,450.56,1321406
24-07-2018,450.58,484.3,449.44,479.88,1590446
25-07-2018,479.78,484.97,464.75,472.03,1376510
26-07-2018,472.03,484.59,460.61,462.75,1113355
27-07-2018,462.79,473.58,457.36,470.23,1169568
28-07-2018,470.24,471.47,461.55,468.78,1073442
29-07-2018,468.89,471.78,462.04,466.41,1040966
30-07-2018,466.41,468.6,447.06,456.64,1375386
31-07-2018,456.65,457.33,427.81,431.5,1524618
01-08-2018,431.88,434.43,407.96,420.3,1640606
02-08-2018,420.33,424.51,408.21,411,1317479
03-08-2018,411.00,419.74,398.1,417.58,1428967
04-08-2018,417.58,419.7,402.52,407.09,1140198
05-08-2018,407.11,412.51,401.22,408.85,1021724
06-08-2018,408.81,413.4,401.66,405.4,1020328
07-08-2018,405.38,410.57,370.06,378.25,1625416
08-08-2018,378.29,380.15,348.98,355.44,2047386
09-08-2018,355.48,369.74,351.07,363.34,1415807
10-08-2018,363.33,365.36,326.67,331.81,1742043
11-08-2018,331.78,332.52,305.19,317.59,2158957
12-08-2018,317.63,327.51,314.71,318.18,1523338
13-08-2018,318.20,321.22,281.17,284.01,2332981
14-08-2018,284.00,284,250.84,278.19,5963981
15-08-2018,278.30,303.85,277.91,281.12,5168009
16-08-2018,281.12,298.19,278.6,286.76,4077378
17-08-2018,286.76,316.9,285.78,316.9,4754360
18-08-2018,316.91,320.81,282.76,293.89,4306214
19-08-2018,293.90,306.3,289.5,299.33,3536116
20-08-2018,299.33,303.74,270.17,271.08,3881037
21-08-2018,271.90,282.77,270.26,280.9,2970325
22-08-2018,280.90,298.2,266.4,269.84,5025295
23-08-2018,269.84,279.19,268.94,276.12,3941704
24-08-2018,276.12,282.71,270.91,281.29,4899429
25-08-2018,281.29,282.74,276.53,277.61,4047951
26-08-2018,277.61,281.34,269.75,274.46,4135200
27-08-2018,274.46,286.57,271.9,286.57,4894914
28-08-2018,286.57,297.86,282.57,295.62,4714923
29-08-2018,295.61,297.11,284.45,288.42,4844750
30-08-2018,288.41,290.91,272.85,283.97,4992569
31-08-2018,283.97,284.85,277.13,281.94,4659210
01-09-2018,281.94,301.92,281.76,295.31,4527620
02-09-2018,295.32,299.38,289.45,295.05,5852866
03-09-2018,295.05,296.76,285.95,288.92,5345228
04-09-2018,288.98,292.6,283.4,285.17,5020421
05-09-2018,285.17,288.01,227.76,228.77,6208518
06-09-2018,228.76,232.66,212.9,229.6,5805038
07-09-2018,229.58,234.49,214.84,215.6,4514863
08-09-2018,215.51,220.85,191.16,196.79,4473776
09-09-2018,196.69,208.23,187.26,195.8,5467413
10-09-2018,195.81,203.64,187.35,197.04,4381933
11-09-2018,197.05,200.42,177.29,185.07,5153685
12-09-2018,185.07,186.57,169.08,182.98,5834957
13-09-2018,183.11,214.57,183.11,211,7458321
14-09-2018,210.98,224.6,203.16,209.98,7708941
15-09-2018,209.88,259.37,209.06,221.94,5525283
16-09-2018,221.94,223.14,208.61,220.2,4638678
17-09-2018,220.20,224.48,192.87,196.24,7489066
18-09-2018,196.17,213.93,195.24,209.03,5323946
19-09-2018,209.02,214.91,199.19,209.74,5680222
20-09-2018,209.74,225.48,207.78,224.42,4474139
21-09-2018,224.43,250.74,222.05,247.92,6757494
22-09-2018,247.92,254.36,233.46,240.82,5157120
23-09-2018,240.82,249.02,238.14,244.67,4027279
24-09-2018,244.67,246.87,225.73,228.01,4544237
25-09-2018,228.02,228.59,204.84,219.04,5778972
26-09-2018,219.14,222.41,208.91,214.35,6371099
27-09-2018,214.46,232.6,211.31,229.15,7365284
28-09-2018,229.18,234.14,215.39,221.77,7343509
29-09-2018,221.95,237.45,215.15,231.87,8903116
30-09-2018,231.90,238.64,227.01,232.8,8736128
01-10-2018,232.80,235.95,225.33,231.77,8307925
02-10-2018,231.77,232.97,223.75,225.84,8167103
03-10-2018,225.84,227.15,216.44,220.51,8465767
04-10-2018,220.48,227.14,219.75,222.57,7834870
05-10-2018,222.33,231.88,220,228.34,7625847
06-10-2018,228.34,228.69,223.01,225.18,8195420
07-10-2018,225.19,227.44,222,226.11,1468839
08-10-2018,226.11,231.66,224.79,229.84,1297821
09-10-2018,229.83,232.66,226.81,228.25,945432
10-10-2018,228.28,231.32,224.74,226.3,1071934
11-10-2018,226.33,226.36,188.65,190.89,3496620
12-10-2018,190.89,202.9,190.89,196.7,1685616
13-10-2018,196.67,206.13,196.41,201.22,976304
14-10-2018,201.22,207.53,195.51,197.08,12893167
15-10-2018,197.09,235.83,195.4,214.26,41350788
16-10-2018,214.27,218.71,211.37,215.06,20242852
17-10-2018,215.06,216.6,210.1,213.46,16843424
18-10-2018,213.16,215.23,203.95,206.58,16213742
19-10-2018,206.60,208.74,204.02,204.97,26320516
20-10-2018,205.12,209.37,203.65,208.04,12476250
21-10-2018,207.76,211.65,207.04,207.37,14647330
22-10-2018,207.38,209.39,205.5,206.77,27132436
23-10-2018,207.03,207.95,202.99,205.68,19711152
24-10-2018,205.68,207.86,205,205.12,18184740
25-10-2018,205.12,206.12,202.99,204.11,15676208
26-10-2018,204.08,208.94,203.19,204.58,13992981
27-10-2018,204.78,206.22,203.06,204.36,9762449
28-10-2018,204.36,205.52,203.05,204.99,9114142
29-10-2018,204.84,205.79,195.03,197.05,17757560
30-10-2018,196.83,198.96,195.28,197.39,22405144
31-10-2018,197.27,201.89,193,198.59,19688636
01-11-2018,198.59,199.79,197.84,198.17,12549246
02-11-2018,198.17,203.75,198.13,202.66,7255371
03-11-2018,202.67,203.16,199.63,200.23,8624750
04-11-2018,200.27,218.35,199.38,211.86,54204776
05-11-2018,211.86,212.42,207.82,210.67,77466672
06-11-2018,210.67,221.32,209.15,220.22,33867520
07-11-2018,220.22,224.64,217.16,218.8,15959094
08-11-2018,218.80,220.53,212.79,212.87,23556790
09-11-2018,212.87,215.26,209.23,211.39,3466685
10-11-2018,211.39,215.47,210.61,213.21,10443004
11-11-2018,213.19,214.22,209.51,213.18,48656856
12-11-2018,213.10,214.95,211.54,212.79,17811020
13-11-2018,212.79,213.88,209.4,210.44,27769896
14-11-2018,210.44,210.59,177.34,187.46,45721616
15-11-2018,187.51,189.79,171.99,184.1,69511120
16-11-2018,184.10,184.88,175.29,177.01,43389624
17-11-2018,176.99,177.93,174.94,176.53,44194552
18-11-2018,176.53,182.07,176.06,178.65,1592849
19-11-2018,178.76,178.93,146.86,150.12,5231504
20-11-2018,150.27,153.55,127.3,132.92,7694850
21-11-2018,132.90,140.86,126.84,137.72,5124263
22-11-2018,137.75,139.74,125.93,126.12,2922897
23-11-2018,126.17,128.08,119.76,124.64,4471731
24-11-2018,124.63,129.34,111.79,114.43,3807645
25-11-2018,114.42,121.1,102.8,118.04,6740294
26-11-2018,118.03,120.56,106.44,110.08,5091633
27-11-2018,110.08,113.67,102.84,111.18,5419735
28-11-2018,111.19,126.6,111.19,122.74,5410547
29-11-2018,122.75,123.77,114.81,117.85,4002663
30-11-2018,117.86,119.8,111.73,113.77,4266508
01-12-2018,113.76,120.45,111.62,118.23,2865644
02-12-2018,118.23,120.71,116.08,116.41,2095581
03-12-2018,116.40,127.08,106.79,108.66,2655601
04-12-2018,108.66,113.16,106.13,110.09,2483986
05-12-2018,110.14,110.7,102.24,102.33,3044592
06-12-2018,102.36,104.42,90.57,90.86,5055406
07-12-2018,90.85,96.99,77.65,93.27,7726889
08-12-2018,93.28,97.98,84.75,90.57,5682805
09-12-2018,90.56,98.76,88.82,93.62,4879162
10-12-2018,93.62,95.3,88.68,90.17,4151441
11-12-2018,90.18,91.94,86.25,88.32,4379346
12-12-2018,87.72,91.33,87.19,89.62,3462463
13-12-2018,89.62,90.72,84.83,86.31,3939616
14-12-2018,86.31,87,82.28,83.81,3840924
15-12-2018,83.81,85.07,81.97,83.9,3037072
16-12-2018,83.90,87.62,83.89,84.72,3614202
17-12-2018,84.72,96.99,84.61,94.37,5365522
18-12-2018,94.37,101.33,91.96,100.66,4662572
19-12-2018,100.68,107.89,98.57,99.37,5580741
20-12-2018,99.36,116.35,98.63,114.61,6337441
21-12-2018,114.60,118.67,105.59,108.18,5184686
22-12-2018,108.18,115.87,105.97,115.84,3299215
23-12-2018,115.85,132.46,115.79,129.6,6657260
24-12-2018,129.60,158.27,129.48,139.23,9387141
25-12-2018,139.06,139.74,122.14,128.39,7041198
26-12-2018,128.39,136.13,123.39,130.06,5107841
27-12-2018,130.06,131.51,112.59,114.56,4828463
28-12-2018,114.57,137.22,113.14,136.61,5941049
29-12-2018,136.59,146.02,130.71,133.67,5919256
30-12-2018,133.64,139.76,129.51,138.45,4347833
31-12-2018,138.45,138.72,129.61,131.9,3228368
01-01-2019,131.90,140.51,130.67,139.61,3053350
02-01-2019,139.58,155.93,138.74,152.95,5511607
03-01-2019,152.96,154.3,144.39,146.94,4018093
04-01-2019,146.94,155.4,145.29,152.86,4923992
05-01-2019,152.87,159.78,152.84,153.49,4847379
06-01-2019,153.48,158.29,148.63,154.96,4231447
07-01-2019,154.96,156.36,148.47,149.96,2881293
08-01-2019,149.96,152.21,146.29,148.41,3041294
09-01-2019,148.41,152.57,147.95,148.79,2337410
10-01-2019,148.78,150.09,121.98,125.63,6481358
11-01-2019,125.61,127.83,121.28,125.15,3766462
12-01-2019,125.15,126.15,122.73,123.75,2206828
13-01-2019,123.75,124.09,112.79,114.64,2978349
14-01-2019,114.65,130.3,114.62,127.53,3862814
15-01-2019,127.55,129.6,116.9,119.62,4309296
16-01-2019,119.59,126.5,119.1,121.72,3829705
17-01-2019,121.71,123.03,117.51,122.03,3611353
18-01-2019,122.02,122.19,118.27,119.34,2590666
19-01-2019,119.34,125.37,119.34,123.02,3359939
20-01-2019,123.00,123.52,116.25,117.52,3927252
21-01-2019,117.52,118.04,114.15,116.05,4800225
22-01-2019,116.05,119.47,112.36,118.23,5108458
23-01-2019,118.23,119.01,115.52,116.84,4350863
24-01-2019,116.84,117.32,114.93,116.71,4382804
25-01-2019,116.70,117.41,115.03,115.5,4746841
26-01-2019,115.50,117.63,115.37,115.83,3482571
27-01-2019,115.83,116.24,112.03,112.5,4648427
28-01-2019,112.50,113.14,101.6,105.82,7451281
29-01-2019,105.82,107.32,102.89,104.79,5411071
30-01-2019,104.76,109.67,103.82,108.52,5950177
31-01-2019,108.51,110.56,105.86,106.71,5109551
01-02-2019,106.74,108.54,104.41,106.98,4978174
02-02-2019,106.99,111.16,106.29,110.68,4234775
03-02-2019,110.67,111.25,106.36,107.62,5008599
04-02-2019,107.63,109.24,106.95,107.9,5016223
05-02-2019,107.91,108.32,106.6,107.37,4666983
06-02-2019,107.37,107.67,102.28,104.63,6153615
07-02-2019,104.63,106.12,104.29,104.55,5047256
08-02-2019,104.55,122.58,103.89,119.23,9193506
09-02-2019,119.27,121.09,117.96,119.44,5206967
10-02-2019,119.44,125.46,116.42,124.92,6320589
11-02-2019,124.94,125.05,119.55,121.3,6134205
12-02-2019,121.32,123.99,119.28,122.64,5737547
13-02-2019,122.66,126.17,121.06,122.22,6170720
14-02-2019,122.21,124.46,120.44,120.97,5806810
15-02-2019,120.97,124,120.87,121.73,5687152
16-02-2019,121.72,124.5,121.71,122.87,5334298
17-02-2019,122.88,135.27,122.78,133.79,8667389
18-02-2019,133.79,147.64,125.07,145.8,11925906
19-02-2019,145.79,149.84,143.8,144.01,9902279
20-02-2019,144.02,149.46,140.88,149.11,8606458
21-02-2019,149.01,149.55,143.5,145.78,7212102
22-02-2019,145.79,148.83,144.27,147.97,6786471
23-02-2019,147.97,159.31,146.28,158.3,8310818
24-02-2019,158.31,165.79,132.87,132.93,14303156
25-02-2019,132.94,141.57,132.85,138.27,10547224
26-02-2019,138.26,138.66,134.48,136.67,11747992
27-02-2019,136.66,159.6,128.15,135.2,16108549
28-02-2019,135.20,138.56,133.09,135.47,16083705
01-03-2019,135.47,138.06,128.46,135.72,9725119
02-03-2019,135.72,136.36,130.74,132.76,11289962
03-03-2019,132.77,168.42,129.05,131.01,10643998
04-03-2019,131.02,131.57,123.25,125.97,14106157
05-03-2019,125.97,141.11,125.44,136.82,16737467
06-03-2019,136.82,149.49,133.94,137.62,14700459
07-03-2019,137.62,139.98,135.72,136.93,13292315
08-03-2019,136.93,139.45,131.66,133.85,12381533
09-03-2019,133.84,138.57,133.38,137.52,10786980
10-03-2019,137.52,137.75,134.53,135.72,9205365
11-03-2019,135.72,136.23,131.66,132.99,11172773
12-03-2019,132.99,134.93,129.14,133.8,13030790
13-03-2019,133.81,133.84,131.2,131.97,9588023
14-03-2019,131.97,134.82,130.48,132.45,9791921
15-03-2019,132.44,137.68,132.44,136.75,12554646
16-03-2019,136.77,143.95,136.75,141.15,16885616
17-03-2019,141.15,141.17,137.61,138.91,9789061
18-03-2019,138.91,141.87,136.86,137.92,12866496
19-03-2019,137.92,139.5,137.1,138.72,10839157
20-03-2019,138.72,139.75,136.56,139.31,10462548
21-03-2019,139.32,139.74,133.05,135.11,12949432
22-03-2019,135.11,137.44,134.65,136.42,10178186
23-03-2019,136.42,138.3,135.76,137.53,9162492
24-03-2019,137.53,137.53,135.5,136.44,9660876
25-03-2019,136.44,137.05,132.36,134.25,11488217
26-03-2019,134.25,134.99,132.61,134.37,9467391
27-03-2019,134.37,140.08,133.89,139.65,15471580
28-03-2019,139.63,140.33,137.68,138.15,9519301
29-03-2019,138.17,143.53,138.13,143.38,12091290
30-03-2019,143.38,145.85,140.43,142.65,12812841
31-03-2019,142.65,142.69,140.71,141.79,9330574
01-04-2019,141.77,143.28,140.26,141.5,11847685
02-04-2019,141.50,165.42,141.29,163.47,36028856
03-04-2019,163.47,177.29,152.24,160.34,47664172
04-04-2019,160.34,164.33,153.26,157.43,13551398
05-04-2019,157.43,167.34,156.42,164.93,10058546
06-04-2019,164.93,172.53,160.22,165.55,10369006
07-04-2019,165.58,175.37,164.17,174.33,9883754
08-04-2019,174.32,185.54,171.87,179.16,14826840
09-04-2019,179.16,179.24,172.15,175.09,10819979
10-04-2019,175.09,183.49,171.61,177.37,12102385
11-04-2019,177.39,177.63,159.6,164.36,11113093
12-04-2019,164.37,166.08,158.93,163.47,7122117
13-04-2019,163.46,165.27,161.34,163.19,5520702
14-04-2019,163.19,168.18,161.52,167.29,5891069
15-04-2019,167.30,168.63,153.65,160.17,7706068
16-04-2019,160.16,166.64,159.52,165.65,7659636
17-04-2019,165.61,167.21,164.26,165.9,7564131
18-04-2019,165.91,175.02,165.38,173.33,10155966
19-04-2019,173.34,173.41,169.15,172.79,9255652
20-04-2019,172.79,176.71,170.17,172.73,8191053
21-04-2019,172.89,173.42,164.81,168.52,8784909
22-04-2019,168.50,172.32,167.07,170.87,8615331
23-04-2019,170.87,175.92,169.01,169.95,10167139
24-04-2019,169.94,170.53,154.87,165.22,11608963
25-04-2019,165.23,165.81,151.73,155.18,10776777
26-04-2019,155.16,161.82,152.32,157.97,11522387
27-04-2019,157.96,161.95,156.74,159.41,8511608
28-04-2019,159.43,160.28,157.54,158.27,8276447
29-04-2019,158.30,159.16,152.6,154.93,10691757
30-04-2019,154.94,162.56,154.94,161.8,9573637
01-05-2019,161.84,163.7,158.85,160.38,7744197
02-05-2019,160.35,162.88,159.22,161.66,8128206
03-05-2019,161.66,169.8,160.86,167.86,10227294
04-05-2019,167.87,171.04,160.36,163.68,10230205
05-05-2019,163.67,165.25,159.56,163.03,8540531
06-05-2019,163.03,176.98,159.66,173,12971048
07-05-2019,172.99,181.39,169.06,169.34,15234294
08-05-2019,169.34,172.68,165.7,170.77,9753558
09-05-2019,170.76,173.28,167.03,170.84,10030572
10-05-2019,170.85,175.78,168.86,172.77,12733870
11-05-2019,172.78,204.72,172.75,192.27,20898884
12-05-2019,192.17,202.93,182.81,188.07,18518888
13-05-2019,188.09,206.1,185.69,196.02,14796974
14-05-2019,196.00,220.02,195.22,217.42,16799240
15-05-2019,217.34,249.78,217.32,248.15,18655020
16-05-2019,248.14,278.52,244.27,264.69,25140954
17-05-2019,264.68,267.8,224.62,244.45,22544414
18-05-2019,244.38,247.84,232.13,233.89,13933356
19-05-2019,233.87,263.05,232.85,259.63,14381175
20-05-2019,259.68,259.68,238.64,250.72,12382399
21-05-2019,250.72,261.59,246.85,253.76,10242781
22-05-2019,253.70,259.7,241.68,244.34,10832473
23-05-2019,244.35,247.3,231.89,244.68,13065589
24-05-2019,244.68,254.22,241.74,249.17,10067662
25-05-2019,249.20,256.9,247.9,250.68,8576761
26-05-2019,250.69,268.75,245.92,264.68,10056498
27-05-2019,264.66,279.07,262.96,270.98,11579040
28-05-2019,270.97,275.39,265.5,271.18,9346366
29-05-2019,271.16,273.72,260.85,268.61,22327824
30-05-2019,268.62,287.99,241.51,254.52,15521778
31-05-2019,254.57,268.7,246.61,267.99,11625619
01-06-2019,267.94,274.94,261.14,264.31,9064315
02-06-2019,264.26,272.64,263.59,269.01,7308978
03-06-2019,269.03,269.77,248.77,250.37,9230643
04-06-2019,250.26,251.47,235.35,241.26,11386335
05-06-2019,241.27,248.24,237.94,245.83,8644400
06-06-2019,245.81,250,236.4,248.54,7722402
07-06-2019,248.63,253.12,244.33,248.98,7406822
08-06-2019,248.98,250.51,241.09,243.42,6231872
09-06-2019,243.43,244.36,227,231.27,7797477
10-06-2019,231.21,246.99,227.38,246.86,8393618
11-06-2019,246.85,247.77,237.6,244.41,6923027
12-06-2019,244.38,261.67,242.57,261.54,7894940
13-06-2019,261.38,262.47,254.02,254.86,7295212
14-06-2019,254.89,268.81,252.01,262.53,6867791
15-06-2019,262.53,271.61,260.92,267.75,6521484
16-06-2019,267.74,282.75,263.96,267.98,8664300
17-06-2019,268.00,274.14,266.96,273,7407912
18-06-2019,273.02,273.26,261.76,264.59,7386471
19-06-2019,264.59,269.79,263.61,268.26,6227982
20-06-2019,268.26,273.18,264.83,271.43,7040907
21-06-2019,271.45,295.72,271.45,294.72,11063285
22-06-2019,294.69,314,292.09,310.38,10693566
23-06-2019,310.39,320.79,306.12,308.53,8493591
24-06-2019,308.51,313.67,297.9,311.46,7095114
25-06-2019,311.47,318.49,307.75,317.65,8510746
26-06-2019,317.65,364.89,315.99,338.54,15730939
27-06-2019,338.54,345.83,279.82,297.55,16130659
28-06-2019,297.73,312.7,295.3,310.56,9927570
29-06-2019,310.52,324.13,295.44,318.48,9032761
30-06-2019,318.26,323.21,290.78,292.21,9821614
01-07-2019,292.23,303,280.35,294.83,9568498
02-07-2019,294.87,297,273.07,291.41,10298332
03-07-2019,291.48,301.64,289.39,300.58,7897091
04-07-2019,300.51,301.56,281.18,283.43,7259506
05-07-2019,283.36,293.61,281.92,287.15,7798126
06-07-2019,287.16,296.06,285.61,288.08,7556869
07-07-2019,288.11,309.42,285.28,304.88,8434463
08-07-2019,304.87,313.15,301.6,312.23,8499609
09-07-2019,312.23,317.94,303.38,307.41,9133005
10-07-2019,307.44,313.81,281.53,289.1,12435572
11-07-2019,289.13,289.14,263.08,268.72,11358938
12-07-2019,268.72,278.33,266.81,274.68,7948022
13-07-2019,274.68,275.04,262.85,269.16,7842964
14-07-2019,269.12,269.62,223.95,226.62,11864223
15-07-2019,226.56,235.43,204.39,228.49,14587583
16-07-2019,228.49,234.41,193.48,198.87,14522681
17-07-2019,198.88,219.13,192.91,210.95,13511467
18-07-2019,210.95,228.42,206.47,225.23,12651298
19-07-2019,225.23,225.68,213.57,220.09,9381028
20-07-2019,220.11,233.7,219.8,227.86,9121220
21-07-2019,227.83,228.76,217.72,225.01,8503124
22-07-2019,225.03,227.47,212.46,217.27,8599453
23-07-2019,217.27,218.03,208.31,211.87,8701788
24-07-2019,211.86,217.02,202.3,215.44,9724460
25-07-2019,215.45,224.05,214.79,217.65,8418372
26-07-2019,217.65,218.65,212.07,217.83,6964285
27-07-2019,217.80,222.7,203.5,206.62,8552270
28-07-2019,206.64,212.01,199.68,210.37,7540229
29-07-2019,210.39,214.45,207.37,209.82,7201008
30-07-2019,209.81,212.88,204.54,208.49,7148000
31-07-2019,208.49,218.19,208.17,217.23,7512798
01-08-2019,217.23,217.55,211.23,216.37,7087166
02-08-2019,216.37,220.84,213.93,216.54,7562874
03-08-2019,216.52,223,215.52,220.89,6991327
04-08-2019,220.89,222.21,216.31,220.72,6513300
05-08-2019,220.76,235,220.75,232.45,9789062
06-08-2019,232.45,237.47,222.46,225.63,9350297
07-08-2019,225.62,229.22,220.62,224.66,7903410
08-08-2019,224.68,226.11,215.57,220.16,7544535
09-08-2019,220.12,220.49,206.4,209.49,9655957
10-08-2019,209.46,213.53,202.35,205.93,8696796
11-08-2019,205.92,216.23,205.64,215.83,7626519
12-08-2019,215.84,215.97,209.49,210.45,7944999
13-08-2019,210.48,211.01,106.01,207.68,18291064
14-08-2019,207.68,209.43,183.74,186.56,12455290
15-08-2019,186.59,189.3,176.08,187.8,14029644
16-08-2019,187.67,188.03,179.35,184.55,11334734
17-08-2019,184.55,186.12,181.58,184.81,8780473
18-08-2019,184.83,197.17,182.96,193.68,9114736
19-08-2019,193.67,202.81,192.33,201.64,8139134
20-08-2019,201.65,201.96,194.55,196.14,10010759
21-08-2019,196.15,196.78,181.29,187.24,12983288
22-08-2019,187.27,194.42,182.97,190.29,9970608
23-08-2019,190.29,195.32,175.8,193.43,8556796
24-08-2019,193.42,193.47,186.13,190.15,8378917
25-08-2019,190.16,191.49,182.81,186.3,7579757
26-08-2019,186.32,193.09,186.02,188.34,9022664
27-08-2019,188.36,188.61,184.26,186.58,7189637
28-08-2019,186.60,187.13,167.57,172.85,9717991
29-08-2019,172.85,173.05,164.04,168.66,9551479
30-08-2019,168.68,170.27,165.38,168.16,7494501
31-08-2019,168.14,174.43,166.16,171.62,7892884
01-09-2019,171.62,173.22,167.08,169.72,7798623
02-09-2019,169.72,180.56,169.45,178.11,9272925
03-09-2019,178.10,182.59,175.37,178.81,9034539
04-09-2019,178.82,180.06,173.85,174.79,7553820
05-09-2019,174.80,175.56,170.54,173.83,7397562
06-09-2019,173.82,177.79,166.16,169.15,9983924
07-09-2019,169.14,180.63,168.42,177.74,9054426
08-09-2019,177.76,183.42,177.36,181.44,8335497
09-09-2019,181.45,184.76,176.25,180.65,9643635
10-09-2019,180.64,184.16,177.44,180.05,8270645
11-09-2019,180.05,182.27,174.86,178.47,10659596
12-09-2019,178.48,182.37,176.85,180.87,7186119
13-09-2019,180.87,181.53,177.79,181.11,7679679
14-09-2019,181.06,188.54,180.09,188.16,8627289
15-09-2019,188.17,190.23,185.92,189.1,7295906
16-09-2019,189.10,198.82,188.68,197.32,10009629
17-09-2019,197.33,214.45,195.95,207.77,11688777
18-09-2019,207.80,216.89,207.69,210.43,9778114
19-09-2019,210.44,223.35,202.95,220.21,12421246
20-09-2019,220.22,221.27,213.12,218,9103172
21-09-2019,218.01,221.17,213.71,215.22,8689531
22-09-2019,215.23,215.64,206.71,211.13,9717880
23-09-2019,211.16,211.76,199.82,201.18,9654299
24-09-2019,201.22,202.97,164.78,166.29,19020598
25-09-2019,166.29,174.26,162.12,168.92,13884991
26-09-2019,168.93,169.81,153.17,164.56,11965932
27-09-2019,164.58,175.65,161.32,173.19,10940780
28-09-2019,173.19,175.15,168.56,173.62,10223290
29-09-2019,173.62,174.43,164.97,169.29,9896180
30-09-2019,169.28,180.52,165.59,180.35,11929148
01-10-2019,180.36,184.95,174.03,175.78,11879077
02-10-2019,175.78,180.84,173.97,180.27,8470129
03-10-2019,180.26,180.57,170.65,174.54,8892860
04-10-2019,174.58,178.43,171.33,175.65,8440436
05-10-2019,175.65,176.63,172.39,176.43,7303885
06-10-2019,176.44,176.87,168.74,170.55,7965742
07-10-2019,170.52,182.03,169.13,179.87,10952242
08-10-2019,179.81,184.57,177.74,180.78,10260172
09-10-2019,180.74,195.08,179.39,192.64,12426315
10-10-2019,192.65,194.08,187.33,191.1,10422297
11-10-2019,191.11,195.87,179.76,180.6,13310672
12-10-2019,180.60,184.49,178.78,179.87,9850388
13-10-2019,179.86,184.42,178.89,181.11,8220423
14-10-2019,181.07,186.99,180.65,186.63,9906750
15-10-2019,186.64,187.67,178.26,180.59,11452222
16-10-2019,180.57,181.08,172.49,174.53,12276726
17-10-2019,174.52,178.33,172.12,177.31,9447854
18-10-2019,177.31,177.47,169.28,172.81,11273918
19-10-2019,172.79,174.81,170.38,171.91,9885105
20-10-2019,171.93,176.17,169.56,175.14,10096500
21-10-2019,175.14,177.67,171.91,174.18,9237709
22-10-2019,174.17,175.08,170.82,171.42,9860619
23-10-2019,171.44,171.61,154.42,162.28,15998328
24-10-2019,162.26,163.68,159.4,160.73,11361563
25-10-2019,160.73,186.24,160.41,181.49,16191168
26-10-2019,181.50,192.54,174.35,179.62,19625964
27-10-2019,179.61,188.33,176.47,184.05,14541360
28-10-2019,184.06,188.91,180.7,181.67,12748425
29-10-2019,181.67,192.28,181.67,190.45,14025756
30-10-2019,190.44,191.58,180.58,183.25,13669315
31-10-2019,183.25,185.21,178.24,182.37,12942106
01-11-2019,182.38,184.28,178.69,183.12,10776350
02-11-2019,183.12,185.18,181.94,183.01,8713881
03-11-2019,183.01,184.51,179.46,181.7,10413900
04-11-2019,181.72,188.27,180.69,185.85,11885169
05-11-2019,185.86,191.45,183.12,188.67,11779533
06-11-2019,188.66,194.11,188.13,191.28,11720977
07-11-2019,191.28,192.27,185.48,186.94,11489095
08-11-2019,186.95,188.35,181.83,184.03,11708914
09-11-2019,184.02,185.73,182.86,184.96,8307566
10-11-2019,184.96,191.28,183.55,188.99,10947944
11-11-2019,188.98,190.17,184.32,185.09,10263150
12-11-2019,185.09,187.44,183.24,186.99,9353017
13-11-2019,187.00,189.45,185.7,188.36,7771990
14-11-2019,188.36,188.91,183.96,185.25,9570483
15-11-2019,185.24,186.1,178.29,180.19,11860656
16-11-2019,180.19,183.46,179.53,182.42,7617684
17-11-2019,182.39,185.97,180.49,184.18,8569986
18-11-2019,184.19,184.33,176.08,178.5,9568558
19-11-2019,178.49,178.7,173.48,176.09,9107150
20-11-2019,176.09,177.42,173.99,174.96,8387785
21-11-2019,174.96,175.91,158.55,161.46,13355384
22-11-2019,161.46,163.06,139.13,149.8,21121682
23-11-2019,149.79,154.25,146.6,152.46,11842093
24-11-2019,152.46,153.24,139.79,140.66,11394829
25-11-2019,140.58,151.26,131.78,145.9,17976996
26-11-2019,145.88,149.81,144.04,147.61,10839550
27-11-2019,147.60,155.43,141.91,152.7,13335305
28-11-2019,152.71,154.68,149.71,151.07,9656407
29-11-2019,151.07,157.27,150.64,154.55,10486170
30-11-2019,154.57,155.19,150.45,151.95,8786198
01-12-2019,151.93,152.33,146.26,151.04,9909442
02-12-2019,151.06,151.63,147.49,148.89,9183823
03-12-2019,148.89,149.84,146.56,147.82,8731314
04-12-2019,147.81,151.02,143.95,145.79,12849216
05-12-2019,145.79,149.08,144.64,148.69,9990833
06-12-2019,148.70,149.36,147.01,148.89,8772613
07-12-2019,148.88,149.76,147.54,148.28,8107824
08-12-2019,148.25,152.22,147.09,151.17,9284215
09-12-2019,151.17,151.75,147.02,147.88,9667751
10-12-2019,147.88,148.48,144.49,145.86,11121802
11-12-2019,145.88,146.57,142.53,143.51,10928183
12-12-2019,143.51,145.82,140,145.03,12229488
13-12-2019,145.04,145.43,143.51,144.96,10950908
14-12-2019,144.95,145.17,141.4,142.03,11151014
15-12-2019,142.03,143.87,140.3,142.53,11305425
16-12-2019,142.55,142.75,131,132.78,17603272
17-12-2019,132.78,132.96,120.63,122.06,17035756
18-12-2019,122.06,133.93,117.14,132.92,20226130
19-12-2019,132.93,133.9,126.12,128.42,14216959
20-12-2019,128.42,129.66,126.31,128.7,12286189
21-12-2019,128.69,128.79,126.85,127.61,9644398
22-12-2019,127.61,133.04,127.09,132.19,13665502
23-12-2019,132.20,134.92,126.55,128.08,14731574
24-12-2019,128.07,129.77,127.07,128.05,11439945
25-12-2019,128.05,128.17,124.18,125.24,13231645
26-12-2019,125.24,132.12,124.53,125.93,15547071
27-12-2019,125.92,127.04,123.18,126.41,12248276
28-12-2019,126.40,129.73,125.98,128.35,12128977
29-12-2019,128.35,137.74,127.67,134.4,15693813
30-12-2019,134.40,136.16,130.91,131.83,12469509
31-12-2019,131.87,133.53,128.27,129.21,12887588
01-01-2020,129.21,132.97,128.81,130.75,10353998
02-01-2020,130.75,130.77,126.74,127.19,11446378
03-01-2020,127.19,134.86,126.05,134.27,15674423
04-01-2020,134.30,135.57,132.76,134.33,11160462
05-01-2020,134.32,138.33,134.32,135.59,12192829
06-01-2020,135.59,144.27,135.17,144.08,14361854
07-01-2020,144.09,145.13,139.22,143.04,13579692
08-01-2020,143.01,147.55,137.61,140.81,13714344
09-01-2020,140.80,141.6,135.85,137.92,11382289
10-01-2020,137.93,144.86,135.69,144.81,13372411
11-01-2020,144.81,147.68,142.23,142.67,12460405
12-01-2020,142.65,146.46,142,146.46,10013377
13-01-2020,146.50,146.87,142.64,143.6,10259721
14-01-2020,143.59,169.73,143.59,166.07,22845532
15-01-2020,166.07,166.45,159.74,166.45,16656707
16-01-2020,166.44,167.18,159.08,164.36,16241698
17-01-2020,164.39,173.96,162.33,170.22,18566608
18-01-2020,170.18,179.29,165.34,174.19,17418712
19-01-2020,174.17,177.77,162.04,166.92,15842082
20-01-2020,166.92,169.24,161.61,166.87,11302621
21-01-2020,166.87,169.79,165.53,169.41,11522436
22-01-2020,169.41,171.27,166.19,168.13,11298723
23-01-2020,168.15,168.25,159.78,162.8,14859899
24-01-2020,162.80,164.27,155.65,162.55,14875911
25-01-2020,162.56,162.72,157.87,160.44,9633529
26-01-2020,160.40,168,159.55,167.9,9821478
27-01-2020,167.91,171.97,165.45,170.27,12538235
28-01-2020,170.27,176.06,170.27,175.74,12625114
29-01-2020,175.78,178.41,173.76,173.86,11268226
30-01-2020,173.86,186.76,171.2,184.59,13021996
31-01-2020,184.60,185.67,175.46,179.91,11766620
01-02-2020,179.88,184.17,179.36,183.64,13238924
02-02-2020,183.58,193.25,179.49,188.5,14537933
03-02-2020,188.48,194.92,187.16,189.79,11953885
04-02-2020,189.80,191.48,188.93,188.93,11560405
05-02-2020,188.94,207.51,188.26,203.83,14674494
06-02-2020,203.84,216.14,201.29,213.16,16439119
07-02-2020,213.15,224.53,213.14,223.51,16729525
08-02-2020,223.47,227.55,213.75,223.23,15975290
09-02-2020,223.23,230.38,223.07,228.59,14277238
10-02-2020,228.61,229.28,217.02,222.95,16499497
11-02-2020,222.94,238.61,218.22,236.76,17387184
12-02-2020,236.75,274.89,236.73,265.58,23793572
13-02-2020,265.59,277.39,257.09,268.75,25054392
14-02-2020,268.71,286.34,260.78,285.25,19994642
15-02-2020,285.17,287.93,262.45,264.87,22264888
16-02-2020,264.87,273.81,237.89,259.99,24816296
17-02-2020,259.92,268.45,242.11,267.63,25608550
18-02-2020,267.71,285.59,259.3,282.26,24153052
19-02-2020,282.33,285.75,253.88,259.12,20758464
20-02-2020,259.07,264.22,246.46,257.39,22068590
21-02-2020,257.32,267.8,254.15,265.11,17461464
22-02-2020,265.14,266.71,256.97,261.64,13400667
23-02-2020,261.65,275.3,261.24,274.72,16038563
24-02-2020,274.72,276.81,258.15,265.65,19959710
25-02-2020,265.63,266.17,245.75,246.96,20307448
26-02-2020,246.97,250.05,216.39,224.3,29546656
27-02-2020,224.30,238.07,210.36,227.53,28831272
28-02-2020,227.60,234.55,214.47,226.93,24110494
29-02-2020,226.94,232.87,217.43,217.52,16338825
01-03-2020,217.51,227.44,213,217.99,17166962
02-03-2020,217.96,234.24,216.23,231.87,18116026
03-03-2020,231.90,232.37,220.34,223.94,18477172
04-03-2020,223.94,228.66,220.74,224.38,14646140
05-03-2020,224.36,233.96,224.34,228.45,17815636
06-03-2020,228.46,244.98,227.71,244.9,17743312
07-03-2020,244.87,251.55,236.87,237.32,16902644
08-03-2020,237.30,237.3,196.71,199.16,24757180
09-03-2020,199.21,208.23,190.73,202.85,30273912
10-03-2020,202.88,205.62,196.17,200.56,21865572
11-03-2020,200.61,202.96,182.15,194.58,21262344
12-03-2020,194.57,195.4,102.83,107.9,53514380
13-03-2020,107.87,138.86,88.5,133.99,60704392
14-03-2020,134.02,134.58,121.27,122.69,26826252
15-03-2020,122.67,132.13,120.93,124.35,26235536
16-03-2020,124.35,124.38,102.44,111.02,40254372
17-03-2020,111.06,120.6,109.67,116.06,27091726
18-03-2020,115.95,117.91,110.16,117.77,25797324
19-03-2020,117.76,141.05,115.59,135.43,33777820
20-03-2020,135.43,151.85,118.07,133.32,38742944
21-03-2020,133.32,137.33,126.01,132.58,26998564
22-03-2020,132.59,136.86,121.37,122.41,25251048
23-03-2020,122.46,136.93,120.2,136.02,28618180
24-03-2020,136.00,142.9,132.67,138.62,27104316
25-03-2020,138.59,141.88,133.06,136.07,24153698
26-03-2020,136.08,139.22,133.69,138.38,17712876
27-03-2020,138.38,140.99,131.09,131.74,18177444
28-03-2020,131.74,132.68,125.48,131.03,21033408
29-03-2020,131.02,131.74,124.84,125.24,16334624
30-03-2020,125.24,134.72,125.02,132.15,20712136
31-03-2020,132.15,135.14,130.54,132.86,17298092
01-04-2020,132.88,136.56,128.93,135.66,19449392
02-04-2020,135.65,148.91,135.26,141.3,29420448
03-04-2020,141.29,146.46,138.01,141.14,23337360
04-04-2020,141.13,145.71,139.36,144.01,19748176
05-04-2020,144.03,145.26,140.84,142.58,18166464
06-04-2020,142.58,171.24,142.55,171.06,37889212
07-04-2020,171.07,175.78,162.75,164.71,35788460
08-04-2020,164.71,174.23,163.73,173,24305528
09-04-2020,173.01,173.2,165.91,169.68,20660100
10-04-2020,169.67,170.1,152.52,157.86,28349146
11-04-2020,157.85,161.37,154.01,158.18,19067582
12-04-2020,158.18,164.75,155.17,158.73,22604288
13-04-2020,158.76,158.85,150.6,156.38,25301232
14-04-2020,156.36,161.57,155.52,158.45,21198518
15-04-2020,158.43,161.06,152.44,152.9,20699776
16-04-2020,152.90,174.28,148.91,172.31,32990058
17-04-2020,172.32,174.52,168.55,170.63,20050772
18-04-2020,170.63,189.22,170.61,187.45,24748348
19-04-2020,187.47,188.23,177.24,180.13,23265360
20-04-2020,180.12,186.24,167.51,170.4,33682720
21-04-2020,170.37,174.48,168.31,170.79,23631732
22-04-2020,170.79,183.71,169.93,182.72,23812944
23-04-2020,182.72,192.4,178.54,185.46,28731356
24-04-2020,185.48,189.33,185.19,187.58,19840064
25-04-2020,187.57,197.35,186.03,194.01,21865940
26-04-2020,194.01,199.3,192.52,197.35,23126722
27-04-2020,197.35,198.8,190.87,196.14,23333546
28-04-2020,196.13,197.51,192.47,196.55,21812754
29-04-2020,196.55,218.32,196.45,215.4,32872264
30-04-2020,215.42,227.05,202.59,206.22,35458188
01-05-2020,206.23,216.99,206.06,212,23078940
02-05-2020,212.00,215.15,210.51,213.96,18307036
03-05-2020,213.96,218.74,205.5,209.83,23116324
04-05-2020,209.85,210.63,195.25,206.61,27207872
05-05-2020,206.59,211.33,201.75,205.36,21052750
06-05-2020,205.36,210.62,198.79,199.04,24031032
07-05-2020,199.05,214,197.36,212,26712904
08-05-2020,212.00,216.44,207.25,211.45,23082488
09-05-2020,211.47,214.5,208.83,210.22,20895762
10-05-2020,210.19,210.19,180.7,187.78,35984676
11-05-2020,187.77,193.26,177.43,185.96,26737920
12-05-2020,185.82,192.04,185.68,189.84,15575430
13-05-2020,189.82,200.82,188.59,199.58,17469392
14-05-2020,199.58,205.82,196.21,203.3,20748496
15-05-2020,203.29,204.02,192.61,194.85,16624619
16-05-2020,194.85,203.12,193.48,200.51,15519956
17-05-2020,200.51,209.79,199.77,207,15782048
18-05-2020,207.00,217,207,214.87,17725920
19-05-2020,214.88,215.75,209.79,214.51,13955815
20-05-2020,214.52,215.28,207.03,209.99,12187645
21-05-2020,210.00,211.58,192.11,198.75,14363338
22-05-2020,198.75,209.04,196.68,207.35,12134671
23-05-2020,207.35,211.03,204.97,206.62,9910536
24-05-2020,206.65,210.4,199.97,199.97,11887044
25-05-2020,199.99,205.52,198.57,204.13,10626424
26-05-2020,204.13,204.9,197.3,201,10439539
27-05-2020,200.99,208.18,200.85,208.18,10283148
28-05-2020,208.20,220.33,204.79,220.18,12512150
29-05-2020,220.14,224.52,217.84,220.66,12359370
30-05-2020,220.66,246.55,218.86,243.63,14341105
31-05-2020,243.63,245.33,230.31,231.81,12432950
01-06-2020,231.80,249.81,230.85,247.97,11970598
02-06-2020,248.01,253.21,227.95,237.94,12686011
03-06-2020,237.90,244.76,233.84,244.52,8151002
04-06-2020,244.53,246.41,236.68,243.37,8749785
05-06-2020,243.37,247.5,239.7,240.23,7754761
06-06-2020,240.27,244.43,238.38,242,6616781
07-06-2020,242.00,244.94,235.44,244.56,8097671
08-06-2020,244.56,247.11,241.3,246.18,6551518
09-06-2020,246.19,249.45,240.18,243.82,6860348
10-06-2020,243.82,249.51,242.54,247.78,7627971
11-06-2020,247.79,249.77,227.01,230.71,12403084
12-06-2020,230.72,239.23,228.62,237.54,7339022
13-06-2020,237.55,238.61,234.86,238.22,5266780
14-06-2020,238.23,238.48,230.52,232.02,5778825
15-06-2020,231.99,233.34,219.06,230.93,10177071
16-06-2020,230.92,235.95,228.99,235.36,7028361
17-06-2020,235.37,236.55,228.63,233.88,5942560
18-06-2020,233.85,234.69,228.13,231.34,4959991
19-06-2020,231.34,231.94,226.97,229.11,5559812
20-06-2020,229.11,230.96,226.28,228.86,4538446
21-06-2020,228.87,231.18,227.38,228.13,4102533
22-06-2020,228.11,246.39,227.69,243.25,7929329
23-06-2020,243.24,244.77,240.94,243.2,5163349
24-06-2020,243.20,249.23,231.56,234.75,9127950
25-06-2020,234.75,235.29,227.99,232.56,6475813
26-06-2020,232.57,233.5,228.16,229.67,6958435
27-06-2020,229.72,231.3,217.11,221.06,7213219
28-06-2020,221.07,227.74,218.46,225.09,5910456
29-06-2020,225.09,229.83,221.6,227.87,6801789
30-06-2020,227.88,228.57,223.23,225.63,5600729
01-07-2020,225.61,232.47,224.33,230.95,6309611
02-07-2020,230.96,232.04,223.53,226.42,7284511
03-07-2020,226.42,228.14,224.77,225.12,5199649
04-07-2020,225.09,230.4,224.8,229.15,5449460
05-07-2020,229.09,229.8,223.79,227.98,5410988
06-07-2020,227.95,241.64,227.1,241.56,9452589
07-07-2020,241.56,243.43,234.92,239.25,6261172
08-07-2020,239.26,248.76,238,246.99,12976175
09-07-2020,246.93,247.63,238.28,242.02,9016772
10-07-2020,242.01,242.17,236.19,241.26,6837318
11-07-2020,241.21,241.64,237.76,239.2,6423250
12-07-2020,239.20,243.79,236.91,242.75,6808834
13-07-2020,242.84,245.04,237.71,239.73,8322678
14-07-2020,239.75,242.08,237.21,240.5,7069377
15-07-2020,240.49,241.36,237.04,238.62,7346094
16-07-2020,238.62,239.47,230.44,233.65,6625183
17-07-2020,233.65,234.53,231.84,232.75,5878520
18-07-2020,232.77,236.83,232.4,235.75,5786473
19-07-2020,235.72,239.7,233.35,239.01,6611449
20-07-2020,239.03,239.71,234.51,236.1,5360281
21-07-2020,236.10,246.49,235.67,245.53,6286317
22-07-2020,245.54,266.42,241.89,263.28,6679453
23-07-2020,263.29,279.53,260.7,275.34,8793487
24-07-2020,275.33,287.01,268.54,279.33,7169207
25-07-2020,279.33,308.57,279.33,305.32,8594767
26-07-2020,305.32,318.54,300.33,311.13,9194982
27-07-2020,311.12,332.57,311.04,321.8,13729046
28-07-2020,321.82,326.53,306.4,316.96,9905746
29-07-2020,316.95,324.93,312.64,317.82,8721293
30-07-2020,317.79,341.11,314.83,334.87,9069245
31-07-2020,334.84,349.34,329.02,346.51,8689356
01-08-2020,346.48,392.37,343.33,387.14,11028663
02-08-2020,387.15,415.08,335.76,372.08,16375385
03-08-2020,372.26,397.73,368.46,385.8,9924831
04-08-2020,385.86,402.01,381.3,389.62,9840204
05-08-2020,389.62,406.92,384.84,400.79,8742431
06-08-2020,400.80,403.18,391.67,394.83,7919677
07-08-2020,394.80,398.14,366.44,379.57,8342854
08-08-2020,379.57,396.77,376.38,396.76,4942302
09-08-2020,396.78,399.93,384.31,390.23,4969254
10-08-2020,390.22,399.05,386.45,395.53,8009004
11-08-2020,395.52,398.13,367.38,379.01,9436475
12-08-2020,379.03,389.21,367.05,387.12,8587354
13-08-2020,387.15,430.33,377.57,424.31,12040059
14-08-2020,424.28,443.74,418.37,438.03,8670962
15-08-2020,438.04,442.7,428.75,432.18,7274350
16-08-2020,432.22,436.58,413.22,433.63,7015016
17-08-2020,433.62,444.86,420.71,430.56,7828093
18-08-2020,430.63,433.65,415.45,422.16,8182539
19-08-2020,422.10,426.65,394.51,407.44,8443071
20-08-2020,407.39,418.92,402.8,416.05,6227504
21-08-2020,416.05,418.72,385.21,387.99,7616900
22-08-2020,388.06,396.87,379.96,395.56,6733465
23-08-2020,395.56,396.96,383.42,390.5,5356709
24-08-2020,390.81,410.17,387.62,407.7,6688812
25-08-2020,407.64,409.02,370.4,383.2,8277664
26-08-2020,383.16,392.61,377.63,385.96,6693902
27-08-2020,385.96,396.48,372.53,383.11,7031983
28-08-2020,383.16,397.64,379.8,395.11,6159794
29-08-2020,395.32,405.53,391.97,398.8,5232710
30-08-2020,398.80,429.59,398.47,428.86,6666730
31-08-2020,428.81,438.71,418.35,433.9,7887926
01-09-2020,433.89,488.24,429.65,475.8,10417601
02-09-2020,475.72,480.96,423.26,439.08,30142438
03-09-2020,439.14,466.4,376.99,381.97,33587816
04-09-2020,381.97,399.58,368.22,385.94,25200712
05-09-2020,385.94,394.12,314.13,334.91,35323428
06-09-2020,334.91,358.09,316.69,353.49,20126942
07-09-2020,353.49,357.33,325.47,352.06,21693412
08-09-2020,352.06,355.69,326.66,337.46,18977708
09-09-2020,337.46,358.33,331.12,351.1,14073361
10-09-2020,351.10,376.92,350.86,367.92,16499568
11-09-2020,367.89,374.41,356.38,373.72,12534016
12-09-2020,373.74,388.12,366.05,387.98,11492922
13-09-2020,388.06,389.51,353.85,365.71,10384353
14-09-2020,365.89,383.99,357.54,376.7,10344507
15-09-2020,376.70,381.67,362.4,364.01,9057345
16-09-2020,363.91,372.88,355.18,364.88,9063983
17-09-2020,364.75,393.96,363.54,388.97,12848922
18-09-2020,389.37,392.21,375.81,384.2,8948677
19-09-2020,384.25,386.99,377.63,385.25,6744663
20-09-2020,385.33,385.39,365.48,371.12,7303446
21-09-2020,371.09,375.34,331.41,341.3,11408798
22-09-2020,341.32,346.19,336.15,344.03,9292788
23-09-2020,343.96,344.12,315.54,319.95,13875768
24-09-2020,319.97,352.6,317.27,349.17,9397916
25-09-2020,349.13,357.8,338.01,351.63,8474165
26-09-2020,351.62,355.87,346.95,354.25,6478060
27-09-2020,354.26,362,347.51,357.23,6351072
28-09-2020,357.42,367.63,352.57,354.08,7768969
29-09-2020,353.97,360.66,351.48,359.86,6262767
30-09-2020,359.77,360.94,352.81,359.39,5430575
01-10-2020,359.50,369.1,345.66,353.07,7925993
02-10-2020,353.06,353.61,335.91,345.68,7265426
03-10-2020,345.78,351.04,343.74,345.6,4480669
04-10-2020,345.60,353.97,344.03,352.73,4772239
05-10-2020,352.69,354.86,348.76,353.28,4959372
06-10-2020,353.53,354.9,337.21,340.61,7324963
07-10-2020,340.59,342.68,334.11,341.48,5774390
08-10-2020,341.66,352.95,334.79,350.83,6851512
09-10-2020,350.71,368.19,347.82,365.28,7848645
10-10-2020,365.25,377.97,364.57,370.16,7168611
11-10-2020,370.28,377.27,369.23,374.19,5219570
12-10-2020,374.39,394.58,366.05,386.68,10388109
13-10-2020,386.64,387.06,374.57,381.23,7917935
14-10-2020,381.13,387.11,373.62,379.15,8075129
15-10-2020,378.96,380.77,370.39,377.45,7928929
16-10-2020,377.60,379.6,362.65,365.17,7590752
17-10-2020,365.08,369.94,363.18,368.63,4984941
18-10-2020,368.61,378.49,367.54,377.81,4675456
19-10-2020,377.85,383.97,372.72,379.19,6851083
20-10-2020,379.03,380.14,367.16,368.35,7457144
21-10-2020,368.53,400.36,368.06,391.2,13609327
22-10-2020,391.39,420.12,391.21,414.05,12649307
23-10-2020,414.12,419.11,402.91,408.52,8175907
24-10-2020,408.59,416.28,407.74,411.92,2675342
25-10-2020,412.44,417.07,403.95,406.09,3054455
26-10-2020,406.45,410.41,383.21,394.11,9063481
27-10-2020,393.93,409.85,390.92,403.15,6287606
28-10-2020,403.11,408.1,381.51,388.14,9962428
29-10-2020,388.25,393.33,381.53,386.76,3035082
30-10-2020,387.16,391.98,374.36,382.41,2807752
31-10-2020,382.81,394.01,380.53,386.42,6424100
01-11-2020,386.36,397.32,384.94,396.29,5518671
02-11-2020,396.45,404.04,379.13,383.53,9433208
03-11-2020,383.64,389.98,370.96,387.92,6731508
04-11-2020,388.23,407.9,377.22,402.19,6168503
05-11-2020,402.50,419.94,396.46,416.63,7043761
06-11-2020,416.59,457.79,415.08,455.72,6529694
07-11-2020,455.78,467.88,425.57,435.4,7779787
08-11-2020,435.39,460.09,432.44,454.68,4817737
09-11-2020,454.55,458.51,434.95,444.33,28845810
10-11-2020,444.38,454.43,439.5,450.22,20756160
11-11-2020,450.26,476.08,449.51,463.33,15126499
12-11-2020,463.33,469.57,452.44,462.56,9330199
13-11-2020,462.61,477.78,457.65,476.29,9851251
14-11-2020,476.38,477.34,452.6,460.7,9171552
15-11-2020,460.75,462.93,440.44,448.23,9339065
16-11-2020,448.18,465.97,445.82,460.43,5618443
17-11-2020,460.37,484.59,459.74,481.95,7933301
18-11-2020,482.05,495.04,459.92,478.52,18194304
19-11-2020,478.55,480.55,465.41,471.21,12530506
20-11-2020,471.27,513.06,471.06,509.98,30848152
21-11-2020,509.94,552.13,505.14,551.91,26861712
22-11-2020,551.90,580,514.44,559.4,36760208
23-11-2020,559.37,610.33,551.8,609.22,49676632
24-11-2020,609.20,621.7,589.56,605.03,41108728
25-11-2020,605.01,605.63,555.32,569.67,14495700
26-11-2020,569.69,577.08,484.03,519.32,13105547
27-11-2020,519.69,530.41,494.65,518.11,6415440
28-11-2020,518.70,547.94,506.97,537.74,5339793
29-11-2020,537.89,576.52,530.71,575.45,5786952
30-11-2020,575.35,615.97,571.04,615.92,51723100
01-12-2020,616.78,635.66,567.79,585.66,49418472
02-12-2020,585.69,604.34,575.24,598.05,16214905
03-12-2020,597.94,622.1,587.15,616.32,24000980
04-12-2020,616.33,619.61,566.34,567.91,48946392
05-12-2020,567.84,596.73,561.24,596.68,30830984
06-12-2020,596.61,606.9,583.67,601.68,13144313
07-12-2020,601.54,603.06,584.53,591.09,7720522
08-12-2020,591.03,594.78,551.08,555.05,8111468
09-12-2020,554.95,577.94,530.88,573.21,9101834
10-12-2020,573.28,575.56,548.99,558.13,19599830
11-12-2020,558.15,560.28,536.43,544.17,30173712
12-12-2020,544.16,573.59,543.9,567.78,1619263
13-12-2020,568.07,594.83,563.37,591.09,2028089
14-12-2020,590.66,591.41,576.01,586.19,1782664
15-12-2020,586.22,596.97,579.95,588.91,1741347
16-12-2020,588.81,638.18,580.9,637.38,3114829
17-12-2020,637.29,675.68,627.36,643.17,3674617
18-12-2020,643.28,664.26,630.44,653.85,2632516
19-12-2020,654.08,669.54,645.91,658.17,2168104
20-12-2020,657.79,661.04,622.39,638.26,2108939
21-12-2020,638.28,647.87,599.97,607.85,1877894
22-12-2020,607.86,637.47,588.24,637.47,2120868
23-12-2020,637.04,638.11,554.09,585.69,2202941
24-12-2020,585.47,614.92,566.15,612.34,1718787
25-12-2020,612.38,633.9,605.01,626.93,1704929
26-12-2020,626.99,652.36,616.04,636.58,1942560
27-12-2020,636.35,715.46,627.12,683.71,2312255
28-12-2020,683.76,747.86,682.47,730.05,2746912
29-12-2020,730.26,739.77,690.24,731.76,1817668
30-12-2020,732.04,757.11,720.21,751.8,1858262
31-12-2020,751.92,755.13,724.67,735.94,1042671
01-01-2021,735.87,748.96,715.74,729.12,1641656
02-01-2021,729.00,787.26,715.15,774.5,2253560
03-01-2021,774.54,1008.49,769.57,974.97,4022020
04-01-2021,977.76,1158.27,894.24,1042.4,5192008
05-01-2021,1042.48,1131.56,976.91,1099.52,3252048
06-01-2021,1099.77,1210.78,1060.67,1207.77,3745742
07-01-2021,1208.71,1286.81,1153.09,1224.35,2710166
08-01-2021,1224.33,1271.08,1069.25,1215.73,2714580
09-01-2021,1215.92,1301.75,1172.39,1275.58,1994817
10-01-2021,1275.87,1347.98,1180.45,1256.04,2647209
11-01-2021,1255.84,1257.3,917.96,1091.47,4192003
12-01-2021,1086.96,1149.19,1008.28,1050.19,3086238
13-01-2021,1050.20,1134.66,990.96,1128.46,2248596
14-01-2021,1128.80,1246.52,1088.52,1226.17,1549214
15-01-2021,1233.34,1256.13,1079.19,1171.68,2848436
16-01-2021,1172.12,1290.92,1154.04,1228.27,2285326
17-01-2021,1228.33,1269.01,1168.39,1232.64,2148990
18-01-2021,1233.93,1260.3,1184.15,1258.06,1725667
19-01-2021,1258.10,1437.42,1252.36,1372,2274791
20-01-2021,1372.00,1406.56,1237.27,1377.53,3045249
21-01-2021,1377.63,1387.39,1095.26,1117.33,2764890
22-01-2021,1118.01,1272.85,1045.02,1234.58,2941477
23-01-2021,1234.34,1271.65,1196.94,1233.4,1457953
24-01-2021,1233.41,1398,1222.14,1390.28,2304544
25-01-2021,1390.69,1474.68,1298.13,1317.9,2767324
26-01-2021,1317.67,1377.94,1246.45,1366.27,2563443
27-01-2021,1366.14,1372.31,1210.4,1247.62,2899614
28-01-2021,1247.67,1359.51,1221.15,1328.47,814313
29-01-2021,1329.16,1436.27,1288.26,1379.3,3329879
30-01-2021,1379.78,1405.78,1327.66,1376.96,1590838
31-01-2021,1377.05,1380.04,1282.41,1312.73,1542367
01-02-2021,1312.69,1376.44,1272.09,1373.4,1654291
02-02-2021,1373.31,1546.88,1361.63,1511.36,2734866
03-02-2021,1511.96,1667.93,1510.27,1664.34,2271930
04-02-2021,1664.19,1693.64,1570.45,1594,2342435
05-02-2021,1593.91,1760.09,1589.28,1719.2,1801373
06-02-2021,1719.11,1742.9,1648.03,1676.63,1776825
07-02-2021,1676.62,1692.29,1491.68,1612.99,1940503
08-02-2021,1612.98,1775.12,1566.43,1750.18,2171855
09-02-2021,1750.19,1818.94,1711.4,1770.63,1940947
10-02-2021,1770.81,1835.4,1683.52,1742.09,2006412
11-02-2021,1742.11,1817.68,1704.97,1786.35,1560450
12-02-2021,1786.74,1862.17,1741.04,1841.02,1752172
13-02-2021,1840.90,1871.36,1766.05,1815.49,1438209
14-02-2021,1815.44,1850,1787.11,1801.78,1427218
15-02-2021,1800.60,1835.51,1661.09,1778.82,1944421
16-02-2021,1778.63,1827.07,1726.78,1781.69,1479326
17-02-2021,1781.44,1854.03,1734.15,1847.95,1690174
18-02-2021,1849.95,1950.04,1849.05,1934.16,881868
19-02-2021,1934.17,1968.93,1892.7,1955.59,1782858
20-02-2021,1955.54,2040.79,1800,1913.88,2290722
21-02-2021,1912.97,1974.99,1885.7,1933.45,1471930
22-02-2021,1933.52,1935.04,1561.68,1777.28,2684611
23-02-2021,1777.25,1781.44,1370.45,1578.11,3601992
24-02-2021,1578.27,1711.16,1505.79,1623.71,2186344
25-02-2021,1623.76,1669.24,1460.92,1476.15,1750576
26-02-2021,1476.77,1561.66,1403.3,1445.44,2125453
27-02-2021,1445.69,1527.69,1427.15,1458.93,1556380
28-02-2021,1458.84,1467.76,1294.79,1418.76,2068053
01-03-2021,1418.91,1571.15,1411.55,1570.03,1915625
02-03-2021,1570.00,1602.13,1457.22,1488.62,1738556
03-03-2021,1488.80,1653.04,1477.72,1571.05,1169650
04-03-2021,1567.84,1623.73,1506.86,1538.61,1698354
05-03-2021,1539.73,1548.71,1443.32,1530.29,1665988
06-03-2021,1530.24,1670.01,1514.62,1649.19,2070252
07-03-2021,1650.94,1732.84,1634.73,1728.1,1690465
08-03-2021,1727.17,1841.05,1665.54,1831.49,1968560
09-03-2021,1831.57,1869.1,1801.29,1869.1,1580545
10-03-2021,1869.32,1875.98,1759.5,1794.14,1664107
11-03-2021,1794.28,1845.32,1729.05,1825.79,1580213
12-03-2021,1827.44,1841.19,1723.18,1766.9,1519957
13-03-2021,1767.05,1943.36,1730.46,1921.13,1789652
14-03-2021,1921.29,1932.36,1836.78,1849.06,671564
15-03-2021,1848.18,1890.59,1745.04,1792.38,1704434
16-03-2021,1792.08,1817.35,1715.97,1804.85,1811469
17-03-2021,1804.56,1837.88,1743.62,1823.35,1496275
18-03-2021,1823.72,1849.23,1760.83,1776.08,1534784
19-03-2021,1775.87,1848.88,1735.42,1809.64,1198902
20-03-2021,1809.09,1868.09,1801.6,1804.6,27034
21-03-2021,1804.60,1815.85,1748.47,1783.72,1428793
22-03-2021,1783.58,1806.62,1659.28,1682.37,1583965
23-03-2021,1681.50,1720.01,1654.14,1667.9,1464750
24-03-2021,1668.42,1739.82,1546.48,1582.38,1876609
25-03-2021,1582.23,1621.32,1550.11,1586.54,1543439
26-03-2021,1586.36,1699.27,1586.28,1698.6,1639046
27-03-2021,1698.68,1731.73,1667.12,1713.01,1397810
28-03-2021,1712.89,1724.74,1661.92,1686.8,1306161
29-03-2021,1686.88,1839.41,1678.38,1816.69,1943235
30-03-2021,1816.92,1857.65,1788.6,1841.01,3032573
31-03-2021,1841.01,1945.4,1774.66,1917.99,2593667
01-04-2021,1918.82,1983.84,1897.38,1967.96,2079780
02-04-2021,1968.12,2144.11,1949.99,2134.55,2467361
03-04-2021,2134.66,2137.68,2004.4,2008.59,2008209
04-04-2021,2007.82,2091.31,1982,2075.94,1587412
05-04-2021,2076.14,2127.89,2004.05,2106.41,2308699
06-04-2021,2108.81,2150.78,2047.48,2111.53,1933808
07-04-2021,2112.41,2128.25,1939.64,1961.46,2295881
08-04-2021,1962.44,2084.08,1951.83,2079.92,1727481
09-04-2021,2080.20,2101.07,2050.39,2066.93,2465777
10-04-2021,2067.26,2197.73,2058.23,2133.79,2088518
11-04-2021,2133.89,2164.76,2114.55,2151.42,1974249
12-04-2021,2150.79,2199.52,2103.73,2137.81,2159605
13-04-2021,2137.55,2315.47,2136.49,2299.93,2377435
14-04-2021,2299.25,2445.4,2281.49,2431.56,2108501
15-04-2021,2432.90,2541.9,2402.75,2514.22,1911180
16-04-2021,2514.55,2544.54,2302.3,2423.18,2083368
17-04-2021,2424.12,2493.93,2314.12,2318.33,1731692
18-04-2021,2317.88,2338.53,1948.93,2237.17,2764602
19-04-2021,2236.10,2275.87,2081.3,2160.63,1901030
20-04-2021,2161.06,2345.18,2058,2332.14,1858410
21-04-2021,2331.84,2467.51,2238.15,2360.81,2104047
22-04-2021,2360.32,2642.99,2313.46,2401.1,3165540
23-04-2021,2398.95,2440.21,2119.26,2367.31,3456897
24-04-2021,2367.35,2367.46,2159.6,2215.93,1614413
25-04-2021,2217.23,2355.2,2169.91,2316.48,1018682
26-04-2021,2320.63,2539.8,2305.97,2533.12,1794021
27-04-2021,2531.07,2677.95,2484.44,2665.24,1454218
28-04-2021,2665.83,2759.03,2562.74,2746.54,1740524
29-04-2021,2746.51,2797.52,2670.35,2757.36,1650956
30-04-2021,2757.02,2797.61,2726.03,2772.78,1516765
01-05-2021,2772.27,2951.74,2753.6,2944.66,1507853
02-05-2021,2945.04,2984.52,2854.12,2950.33,1303234
03-05-2021,2950.07,3451.44,2950.07,3429.37,2324317
04-05-2021,3429.48,3516.34,3188.9,3286.71,2744931
05-05-2021,3284.31,3540.78,3228.86,3522.76,1866478
06-05-2021,3522.74,3601.59,3380.6,3489.52,1511619
07-05-2021,3490.83,3583.34,3363.56,3481.22,1346260
08-05-2021,3479.81,3952.88,3453.37,3905.55,1342221
09-05-2021,3905.69,3979.77,3734.44,3922.23,1939690
10-05-2021,3923.48,4203.98,3669.84,3947.9,2702973
11-05-2021,3948.66,4177.53,3781.86,4167.78,1272933
12-05-2021,4173.61,4366.1,3794.15,3811.77,2782017
13-05-2021,3807.50,4031.99,3539.96,3719.62,3208841
14-05-2021,3719.46,4171.76,3694.54,4075.38,2059612
15-05-2021,4074.57,4129.99,3639.12,3641.65,1941190
16-05-2021,3643.67,3877.2,3351.92,3582.12,2277016
17-05-2021,3582.19,3582.27,3130.12,3279.68,2845117
18-05-2021,3280.50,3558.57,3244.93,3377.55,2297356
19-05-2021,3376.22,3434.01,1922.25,2435.69,6415036
20-05-2021,2436.59,2988.52,2163.4,2777.55,4325975
21-05-2021,2766.88,2931.66,2111.42,2433.11,4229658
22-05-2021,2433.09,2481.06,2162.84,2291.6,2823685
23-05-2021,2292.68,2379.89,1739.91,2101.34,3523766
24-05-2021,2101.30,2667.2,2080.87,2646.79,3236837
25-05-2021,2647.27,2747.49,2388.81,2705.09,3276658
26-05-2021,2705.69,2908.37,2648.1,2884.66,2659567
27-05-2021,2885.02,2885.87,2638.62,2735.88,2391700
28-05-2021,2742.39,2760.17,2332.43,2414.29,3260083
29-05-2021,2411.68,2567.42,2207.21,2276.07,2943611
30-05-2021,2276.97,2465.84,2181.93,2386.1,2802183
31-05-2021,2386.93,2713.98,2279.42,2708.47,2825247
01-06-2021,2707.94,2738.23,2529.73,2633.67,2451500
02-06-2021,2633.74,2801,2554.88,2706.1,2602968
03-06-2021,2705.05,2889.19,2666.39,2853.35,1085334
04-06-2021,2856.63,2856.63,2557.71,2686.5,2465959
05-06-2021,2688.75,2814.02,2555.98,2628.98,2554913
06-06-2021,2628.43,2743.53,2614.48,2713.66,756358
07-06-2021,2713.52,2842.88,2581.24,2592.63,3012988
08-06-2021,2592.12,2618.7,2320.64,2510.65,75179
09-06-2021,2507.86,2620.74,2408.37,2606.23,2319177
10-06-2021,2607.45,2615.46,2432.41,2469.97,1293095
11-06-2021,2470.04,2493.48,2324.21,2351.45,587182
12-06-2021,2351.45,2448.04,2260.8,2368.47,1798714
13-06-2021,2368.68,2547.9,2311.96,2508.27,1622481
14-06-2021,2508.49,2606.91,2467.61,2581.48,1789796
15-06-2021,2581.42,2637.9,2512.39,2543.83,1948603
16-06-2021,2544.35,2552.12,2353.24,2367.28,1373733
17-06-2021,2367.78,2459.11,2309.08,2371.62,1058512
18-06-2021,2372.10,2376.62,2142.74,2229.53,778792
19-06-2021,2229.53,2276.7,2164.14,2166.91,1075175
20-06-2021,2166.30,2276.83,2045.03,2243.86,1421393
21-06-2021,2244.25,2257.86,1868.32,1891.18,2693071
22-06-2021,1890.95,1994.32,1707.24,1876.66,2839822
23-06-2021,1877.28,2043.1,1823.57,1968.39,1766983
24-06-2021,1968.76,2033.96,1886.74,1989.14,1641253
25-06-2021,1989.77,2017.47,1793.47,1810.57,1648563
26-06-2021,1810.53,1850.4,1719.32,1830.62,1991985
27-06-2021,1830.42,1980.7,1808.59,1979.88,1865986
28-06-2021,1981.24,2142.84,1962.89,2083.09,2192525
29-06-2021,2083.48,2241.86,2076.17,2158.71,898056
30-06-2021,2158.32,2281.55,2090.61,2273.84,1901826
01-07-2021,2274.50,2274.63,2077.56,2109.11,1714910
02-07-2021,2108.58,2158.7,2019.75,2154.78,1394215
03-07-2021,2154.53,2236.97,2115.8,2224.7,1276896
04-07-2021,2224.70,2386.2,2222.95,2323.22,1389427
05-07-2021,2322.60,2322.6,2163.09,2196.16,822946
06-07-2021,2196.25,2347.47,2194.2,2322.72,1778485
07-07-2021,2322.74,2402.68,2296.43,2316.57,1321813
08-07-2021,2316.21,2322.47,2095.92,2120.22,1824319
09-07-2021,2120.05,2185.62,2066.09,2145.89,1420364
10-07-2021,2146.15,2191.3,2078.43,2111.12,929323
11-07-2021,2110.90,2173.34,2081.62,2139.35,724841
12-07-2021,2139.44,2167.6,2008.66,2035.09,540101
13-07-2021,2035.09,2042.61,1920.62,1940.72,717845
14-07-2021,1940.48,2017.99,1868.45,1994.64,1050506
15-07-2021,1994.73,2038.91,1884.81,1917.21,645058
16-07-2021,1917.21,1960.21,1852.42,1878.2,619618
17-07-2021,1877.00,1917.8,1851.97,1897.98,623520
18-07-2021,1898.01,1988.24,1881.6,1892.42,829767
19-07-2021,1891.43,1915.15,1807.19,1818.07,802776
20-07-2021,1818.07,1840.36,1720.7,1786.07,1196565
21-07-2021,1786.18,2029.51,1758.64,1994.49,1513133
22-07-2021,1994.61,2043.26,1952.31,2024.58,1023062
23-07-2021,2024.51,2129.66,2000.27,2123.61,961669
24-07-2021,2124.00,2162.29,2106.71,2151.85,907113
25-07-2021,2166.98,2195.03,2108.74,2189.79,786940
26-07-2021,2189.74,2430.01,2174.44,2229.53,1891029
27-07-2021,2230.24,2318.68,2152.92,2300.22,1254596
28-07-2021,2300.21,2343.49,2246.23,2299.11,968942
29-07-2021,2299.46,2397.71,2269.15,2380.93,642749
30-07-2021,2380.59,2467.4,2320.8,2460.95,1025002
31-07-2021,2461.08,2551.68,2421.7,2532.19,507081
01-08-2021,2530.94,2696.38,2515.26,2556.23,1203482
02-08-2021,2556.07,2664.73,2513.51,2608.04,970667
03-08-2021,2608.01,2631.43,2445.49,2506.65,158450
04-08-2021,2506.50,2766.46,2462.32,2725.29,1225630
05-08-2021,2725.28,2842.95,2533.51,2827.21,1654529
06-08-2021,2827.23,2946.62,2726.04,2889.43,1062616
07-08-2021,2889.58,3169.74,2867.58,3158,64840
08-08-2021,3158.30,3188.49,2949.66,3012.07,1247953
09-08-2021,3011.88,3184.84,2899.24,3162.93,1437881
10-08-2021,3162.81,3232.02,3057.84,3140.71,1121106
11-08-2021,3140.86,3269.7,3122.67,3163.66,950121
12-08-2021,3160.17,3236.28,2981.35,3043.61,965628
13-08-2021,3043.20,3324.53,3035.52,3322.43,795541
14-08-2021,3322.25,3328.38,3209.45,3264.69,658600
15-08-2021,3264.56,3318.61,3115.34,3308.87,782810
16-08-2021,3307.96,3334.22,3138.37,3147.65,859089
17-08-2021,3147.67,3290.03,2993.63,3014.58,1063791
18-08-2021,3012.62,3124.51,2951.04,3016.91,750740
19-08-2021,3016.92,3185.51,2962.04,3184.82,844133
20-08-2021,3184.83,3300.36,3179.18,3284.21,739315
21-08-2021,3285.12,3307.33,3200.19,3223.96,768738
22-08-2021,3224.17,3271.94,3128.98,3238.7,747649
23-08-2021,3238.41,3375.42,3231.96,3319.49,1093756
24-08-2021,3322.60,3357.99,3150.75,3173.26,988821
25-08-2021,3172.12,3247.43,3080.7,3228.15,923126
26-08-2021,3228.03,3249.62,3057.48,3093.54,118440
27-08-2021,3093.78,3279.93,3063.37,3273.58,839543
28-08-2021,3273.78,3284.58,3212.24,3243.9,466212
29-08-2021,3243.96,3282.21,3155.31,3222.16,643728
30-08-2021,3222.43,3345.72,3145.53,3225.67,966580
31-08-2021,3228.23,3467.42,3191.34,3430.74,1524946
01-09-2021,3429.65,3839.91,3384.82,3832.73,1475740
02-09-2021,3826.90,3833.89,3723.42,3786.19,928702
03-09-2021,3785.85,4024.89,3715.97,3936.29,1198186
04-09-2021,3938.45,3968.33,3844.07,3884.97,672534
05-09-2021,3885.40,3981.22,3834.74,3950.62,714159
06-09-2021,3950.20,3968.2,3867.55,3927.21,764557
07-09-2021,3926.84,3945.79,3061.3,3423.12,2465668
08-09-2021,3424.35,3557.67,3221.6,3495.1,780678
09-09-2021,3498.92,3564.3,3395.94,3423.51,1088338
10-09-2021,3423.87,3512.9,3156.28,3207.27,1206688
11-09-2021,3209.37,3345.37,3202.41,3267.33,732950
12-09-2021,3267.33,3469.5,3231.87,3408.28,805974
13-09-2021,3408.17,3429.24,3118.66,3284.52,1340400
14-09-2021,3284.65,3428.87,3270.91,3428.87,720337
15-09-2021,3430.36,3612.29,3361.63,3611.9,790269
16-09-2021,3612.23,3672.68,3488.53,3569.43,195787
17-09-2021,3569.92,3592.2,3352.32,3398.65,748099
18-09-2021,3398.55,3539.5,3371.33,3435.97,600186
19-09-2021,3435.92,3455.67,3282.85,3329.12,613996
20-09-2021,3328.49,3344.04,2931.64,2976.05,1718763
21-09-2021,2976.70,3101.88,2659.71,2761.52,1789381
22-09-2021,2764.71,3087.97,2740.58,3077.78,1187526
23-09-2021,3077.80,3173,3035.96,3152.92,841537
24-09-2021,3152.92,3158.38,2740.06,2928.57,1741144
25-09-2021,2928.59,2965.48,2812.7,2922.55,975494
26-09-2021,2922.47,3113.65,2740.12,3063.51,1326016
27-09-2021,3061.86,3163.86,2926.24,2926.24,865299
28-09-2021,2926.04,2969.18,2791.42,2807.28,896276
29-09-2021,2807.15,2948.5,2784.66,2851.5,728860
30-09-2021,2851.06,3047.08,2837.68,3000.59,968233
01-10-2021,2999.86,3329.32,2972.75,3309.13,1143475
02-10-2021,3309.14,3467.95,3265.97,3388.97,778146
03-10-2021,3388.83,3485.48,3346.63,3417.34,642592
04-10-2021,3417.26,3436.34,3273.22,3382.9,826832
05-10-2021,3383.32,3540.83,3365.28,3517.26,663880
06-10-2021,3515.35,3627.19,3345.56,3575.41,1054309
07-10-2021,3575.43,3650.18,3473.47,3586,826290
08-10-2021,3586.91,3668.35,3537.24,3559.42,681736
09-10-2021,3559.96,3626.11,3541.4,3574.2,464111
10-10-2021,3574.52,3599.18,3409.22,3415.03,767490
11-10-2021,3414.93,3622.53,3381.43,3545.06,683236
12-10-2021,3541.49,3545.35,3404.49,3489.9,609886
13-10-2021,3491.08,3612.04,3416,3607.28,557184
14-10-2021,3607.36,3820.47,3588.24,3790.41,697087
15-10-2021,3790.34,3904.91,3735.21,3866.9,721143
16-10-2021,3869.05,3967.43,3804.55,3827.55,527606
17-10-2021,3827.55,3917.56,3664.63,3845.47,543522
18-10-2021,3848.64,3892.01,3685.82,3747.6,578206
19-10-2021,3745.46,3884.34,3733.78,3876.78,488600
20-10-2021,3876.76,4168.12,3830.26,4159.89,752028
21-10-2021,4160.51,4366.91,4029.48,4054.16,1140074
22-10-2021,4053.89,4164.11,3896.4,3970.94,654771
23-10-2021,3970.94,4169.33,3938.79,4168.85,487025
24-10-2021,4168.80,4184,3965.84,4082.8,507629
25-10-2021,4082.68,4234.76,4069.94,4219.92,481414
26-10-2021,4219.92,4291.98,4098.19,4129.51,559294
27-10-2021,4130.06,4299.61,3914.06,3921.93,1068620
28-10-2021,3921.54,4289.8,3896.33,4284.9,865802
29-10-2021,4284.90,4458.3,4268.21,4413.7,781573
30-10-2021,4413.70,4428.41,4250.24,4320.65,494872
31-10-2021,4322.00,4393.61,4169.48,4287.56,555323
01-11-2021,4287.41,4376.94,4157.51,4320.85,574256
02-11-2021,4320.85,4598.38,4287.36,4586.06,630259
03-11-2021,4586.96,4661.88,4458.87,4602.21,634683
04-11-2021,4601.93,4604.83,4421.87,4535.11,495859
05-11-2021,4534.96,4569.31,4439.67,4475,409754
06-11-2021,4475.00,4526.75,4330.29,4517.36,442598
07-11-2021,4517.27,4634.39,4502.7,4612.06,337809
08-11-2021,4612.05,4822.97,4612.05,4808.38,673213
09-11-2021,4808.34,4836.69,4715.43,4731.83,437410
10-11-2021,4731.83,4864.06,4498.78,4634.03,761904
11-11-2021,4633.98,4778.17,4578.66,4720.87,418611
12-11-2021,4720.50,4807.16,4511.96,4667.31,634592
13-11-2021,4665.76,4705.02,4585.37,4644.61,290268
14-11-2021,4644.40,4692.76,4514.95,4625.59,340963
15-11-2021,4625.71,4769.38,4543.47,4562.98,495958
16-11-2021,4562.97,4562.97,4115.31,4208.16,1124444
17-11-2021,4208.29,4298.3,4071.01,4290.88,664942
18-11-2021,4290.31,4342.74,3958.44,4001.87,792376
19-11-2021,3996.29,4305.41,3978.08,4295.43,571956
20-11-2021,4295.27,4434.27,4206.75,4408.85,462992
21-11-2021,4409.02,4422.6,4246.2,4268.08,446234
22-11-2021,4268.07,4311.46,4026.75,4086.95,717082
23-11-2021,4086.73,4384.75,4064.17,4340.23,684354
24-11-2021,4340.23,4372.83,4172.19,4273.54,595963
25-11-2021,4270.73,4549.74,4248.9,4520.3,578651
26-11-2021,4520.30,4548.1,3917.43,4034.53,1004251
